{
  "backend": "vllm",
  "concurrency": 8,
  "duration_sec": 1800.0,
  "max_new_tokens": 128,
  "model": "Qwen/Qwen2.5-1.5B-Instruct",
  "period_sec": 90.0,
  "prompt_style": "long",
  "real": {
    "correlation_pressure_latency": 0.7726220259676589,
    "high_low_p95_ratio": 1.0033838538150668,
    "high_pressure_count": 6528,
    "high_pressure_p95_ms": 1186.6809581406415,
    "latency_p50_ms": 1178.3327520824969,
    "latency_p95_ms": 1185.938916169107,
    "latency_p99_ms": 1187.8440701402724,
    "low_pressure_count": 8160,
    "low_pressure_p95_ms": 1182.6789454789832,
    "output_tokens": 1880064,
    "requests": 14688,
    "sync_active_count": 2608,
    "sync_active_p95_ms": 1186.578722205013,
    "sync_inactive_count": 12080,
    "sync_inactive_p95_ms": 1185.6490508653224,
    "sync_inactive_p95_ratio": 1.0007841033052842,
    "tokens_per_sec": 1057.325502465614
  },
  "simulator": {
    "correlation_pressure_latency": 0.9056225267169445,
    "high_low_p95_ratio": 1.7203587761738588,
    "high_pressure_count": 7989,
    "high_pressure_p95_ms": 153.99840351752357,
    "latency_p50_ms": 101.20550933372658,
    "latency_p95_ms": 148.33410582225716,
    "latency_p99_ms": 156.03960449964194,
    "low_pressure_count": 6699,
    "low_pressure_p95_ms": 89.51528346896436,
    "output_tokens": null,
    "requests": 14688,
    "sync_active_count": 3266,
    "sync_active_p95_ms": 155.78399223468472,
    "sync_inactive_count": 11422,
    "sync_inactive_p95_ms": 145.3162505513391,
    "sync_inactive_p95_ratio": 1.0720342125786368,
    "tokens_per_sec": null
  },
  "stress_enabled": true,
  "stress_matmul_size": 6144,
  "stress_mode": "both",
  "stress_steps": 16,
  "sync_period_sec": 37.0,
  "sync_window_sec": 8.0
}
