{
  "backend": "vllm",
  "concurrency": 8,
  "duration_sec": 1200.0,
  "max_new_tokens": 128,
  "model": "Qwen/Qwen2.5-1.5B-Instruct",
  "period_sec": 90.0,
  "prompt_style": "mixed",
  "real": {
    "correlation_pressure_latency": 0.01638300146700373,
    "high_low_p95_ratio": 1.0000745578231474,
    "high_pressure_count": 6272,
    "high_pressure_p95_ms": 1156.6475126892328,
    "latency_p50_ms": 738.0463576409966,
    "latency_p95_ms": 1156.6175296902657,
    "latency_p99_ms": 1158.3060030825436,
    "low_pressure_count": 5520,
    "low_pressure_p95_ms": 1156.5612819977105,
    "output_tokens": 1509376,
    "requests": 11792,
    "sync_active_count": 1776,
    "sync_active_p95_ms": 1158.3992103114724,
    "sync_inactive_count": 10016,
    "sync_inactive_p95_ms": 744.478945620358,
    "sync_inactive_p95_ratio": 1.5559865287341386,
    "tokens_per_sec": 1280.5784241357173
  },
  "simulator": {
    "correlation_pressure_latency": 0.9109294031044329,
    "high_low_p95_ratio": 1.711526900584148,
    "high_pressure_count": 6364,
    "high_pressure_p95_ms": 153.45345216983236,
    "latency_p50_ms": 101.23769055576994,
    "latency_p95_ms": 146.49935107952717,
    "latency_p99_ms": 155.7726206283637,
    "low_pressure_count": 5428,
    "low_pressure_p95_ms": 89.65880239303183,
    "output_tokens": null,
    "requests": 11792,
    "sync_active_count": 2673,
    "sync_active_p95_ms": 155.37522498043074,
    "sync_inactive_count": 9119,
    "sync_inactive_p95_ms": 144.84414628989603,
    "sync_inactive_p95_ratio": 1.072706277473288,
    "tokens_per_sec": null
  },
  "stress_enabled": true,
  "stress_matmul_size": 6144,
  "stress_mode": "sync",
  "stress_steps": 20,
  "sync_period_sec": 37.0,
  "sync_window_sec": 8.0
}
