{
  "backend": "vllm",
  "concurrency": 8,
  "duration_sec": 600.0,
  "max_new_tokens": 128,
  "model": "Qwen/Qwen2.5-1.5B-Instruct",
  "period_sec": 90.0,
  "prompt_style": "mixed",
  "real": {
    "correlation_pressure_latency": 0.8834604127229505,
    "high_low_p95_ratio": 1.4902422929963839,
    "high_pressure_count": 1936,
    "high_pressure_p95_ms": 1164.974648039788,
    "latency_p50_ms": 776.259271427989,
    "latency_p95_ms": 1158.3279948681593,
    "latency_p99_ms": 1169.4220039062202,
    "low_pressure_count": 3072,
    "low_pressure_p95_ms": 781.7350598052144,
    "output_tokens": 641024,
    "requests": 5008,
    "slo_ms": 1000.0,
    "slo_violation_count": 1936,
    "slo_violation_rate": 0.3865814696485623,
    "sync_active_count": 1600,
    "sync_active_p95_ms": 1157.9284240026027,
    "sync_inactive_count": 3408,
    "sync_inactive_p95_ms": 1158.4300911054015,
    "sync_inactive_p95_ratio": 0.9995669422724335,
    "tokens_per_sec": 1116.5383932559077
  },
  "simulator": {
    "correlation_pressure_latency": 0.9252104065351842,
    "high_low_p95_ratio": 1.6797754635683102,
    "high_pressure_count": 2517,
    "high_pressure_p95_ms": 150.82891130283443,
    "latency_p50_ms": 97.77156141485943,
    "latency_p95_ms": 144.2809911887455,
    "latency_p99_ms": 155.46353084331537,
    "low_pressure_count": 2491,
    "low_pressure_p95_ms": 89.79111469007404,
    "output_tokens": null,
    "requests": 5008,
    "slo_ms": 1000.0,
    "slo_violation_count": 0,
    "slo_violation_rate": 0.0,
    "sync_active_count": 1138,
    "sync_active_p95_ms": 154.86810453760648,
    "sync_inactive_count": 3870,
    "sync_inactive_p95_ms": 143.73203449639257,
    "sync_inactive_p95_ratio": 1.077477996329993,
    "tokens_per_sec": null
  },
  "slo_ms": 1000.0,
  "stress_enabled": true,
  "stress_matmul_size": 6144,
  "stress_mode": "pressure",
  "stress_steps": 20,
  "sync_event_count": 14,
  "sync_events_jsonl": "workspaces/stage2/fixed-h-256-s23/events/coordinator.jsonl",
  "sync_events_repeat": true,
  "sync_period_sec": 37.0,
  "sync_trace_duration_sec": 358.515,
  "sync_window_sec": 8.0
}
