{
  "backend": "vllm",
  "concurrency": 8,
  "duration_sec": 600.0,
  "max_new_tokens": 128,
  "model": "Qwen/Qwen2.5-1.5B-Instruct",
  "period_sec": 90.0,
  "prompt_style": "mixed",
  "real": {
    "correlation_pressure_latency": -0.13796675923730692,
    "high_low_p95_ratio": 0.9996514363950587,
    "high_pressure_count": 2952,
    "high_pressure_p95_ms": 1155.484818853438,
    "latency_p50_ms": 712.8045386634767,
    "latency_p95_ms": 1155.7752070948482,
    "latency_p99_ms": 1157.1830371394753,
    "low_pressure_count": 2776,
    "low_pressure_p95_ms": 1155.8877192437649,
    "output_tokens": 733184,
    "requests": 5728,
    "slo_ms": 1000.0,
    "slo_violation_count": 1192,
    "slo_violation_rate": 0.20810055865921787,
    "sync_active_count": 1224,
    "sync_active_p95_ms": 1157.1830371394753,
    "sync_inactive_count": 4504,
    "sync_inactive_p95_ms": 778.0865742824972,
    "sync_inactive_p95_ratio": 1.4872163013563848,
    "tokens_per_sec": 1264.5934663195972
  },
  "simulator": {
    "correlation_pressure_latency": 0.9257629206296151,
    "high_low_p95_ratio": 1.6730948555647962,
    "high_pressure_count": 2880,
    "high_pressure_p95_ms": 150.3845378640157,
    "latency_p50_ms": 98.03496195376613,
    "latency_p95_ms": 144.15236675466716,
    "latency_p99_ms": 155.14500417567163,
    "low_pressure_count": 2848,
    "low_pressure_p95_ms": 89.8840477357451,
    "output_tokens": null,
    "requests": 5728,
    "slo_ms": 1000.0,
    "slo_violation_count": 0,
    "slo_violation_rate": 0.0,
    "sync_active_count": 1299,
    "sync_active_p95_ms": 154.36345552748796,
    "sync_inactive_count": 4429,
    "sync_inactive_p95_ms": 143.70737174821056,
    "sync_inactive_p95_ratio": 1.0741512676047538,
    "tokens_per_sec": null
  },
  "slo_ms": 1000.0,
  "stress_enabled": true,
  "stress_matmul_size": 6144,
  "stress_mode": "sync",
  "stress_steps": 20,
  "sync_event_count": 14,
  "sync_events_jsonl": "workspaces/stage2/fixed-h-256-s29/events/coordinator.jsonl",
  "sync_events_repeat": true,
  "sync_period_sec": 37.0,
  "sync_trace_duration_sec": 355.947,
  "sync_window_sec": 8.0
}
