{
  "backend": "vllm",
  "concurrency": 8,
  "duration_sec": 600.0,
  "max_new_tokens": 128,
  "model": "Qwen/Qwen2.5-1.5B-Instruct",
  "period_sec": 90.0,
  "prompt_style": "mixed",
  "real": {
    "correlation_pressure_latency": 0.8799812207728747,
    "high_low_p95_ratio": 1.7108106481804741,
    "high_pressure_count": 1960,
    "high_pressure_p95_ms": 1228.6441856995225,
    "latency_p50_ms": 714.2844218760729,
    "latency_p95_ms": 1205.095374956727,
    "latency_p99_ms": 1271.5454050339758,
    "low_pressure_count": 3296,
    "low_pressure_p95_ms": 718.1649161502719,
    "output_tokens": 672768,
    "requests": 5256,
    "slo_ms": 1000.0,
    "slo_violation_count": 1936,
    "slo_violation_rate": 0.3683409436834094,
    "sync_active_count": 512,
    "sync_active_p95_ms": 1213.6312453076243,
    "sync_inactive_count": 4744,
    "sync_inactive_p95_ms": 1203.664354979992,
    "sync_inactive_p95_ratio": 1.0082804564963612,
    "tokens_per_sec": 1161.8701295888145
  },
  "simulator": {
    "correlation_pressure_latency": 0.9253027354756864,
    "high_low_p95_ratio": 1.676258380021577,
    "high_pressure_count": 2640,
    "high_pressure_p95_ms": 150.61899169827424,
    "latency_p50_ms": 97.88810750626303,
    "latency_p95_ms": 144.20426901498814,
    "latency_p99_ms": 155.33783446987468,
    "low_pressure_count": 2616,
    "low_pressure_p95_ms": 89.85428111406993,
    "output_tokens": null,
    "requests": 5256,
    "slo_ms": 1000.0,
    "slo_violation_count": 0,
    "slo_violation_rate": 0.0,
    "sync_active_count": 1192,
    "sync_active_p95_ms": 154.69026109848295,
    "sync_inactive_count": 4064,
    "sync_inactive_p95_ms": 143.76215311059119,
    "sync_inactive_p95_ratio": 1.0760151942040348,
    "tokens_per_sec": null
  },
  "slo_ms": 1000.0,
  "stress_enabled": true,
  "stress_matmul_size": 6144,
  "stress_mode": "pressure",
  "stress_steps": 20,
  "sync_event_count": 8,
  "sync_events_jsonl": "workspaces/stage7/random-matched-s31/events/coordinator.jsonl",
  "sync_events_repeat": true,
  "sync_period_sec": 37.0,
  "sync_trace_duration_sec": 567.74,
  "sync_window_sec": 8.0
}
