{
  "backend": "vllm",
  "concurrency": 8,
  "duration_sec": 600.0,
  "max_new_tokens": 128,
  "model": "Qwen/Qwen2.5-1.5B-Instruct",
  "period_sec": 90.0,
  "prompt_style": "mixed",
  "real": {
    "correlation_pressure_latency": 0.8815137280940623,
    "high_low_p95_ratio": 1.7751867946182383,
    "high_pressure_count": 1752,
    "high_pressure_p95_ms": 1336.2844864837825,
    "latency_p50_ms": 746.8295255675912,
    "latency_p95_ms": 1331.7030016332865,
    "latency_p99_ms": 1336.9262521155179,
    "low_pressure_count": 3144,
    "low_pressure_p95_ms": 752.7571129612625,
    "output_tokens": 626688,
    "requests": 4896,
    "slo_ms": 1000.0,
    "slo_violation_count": 1736,
    "slo_violation_rate": 0.3545751633986928,
    "sync_active_count": 624,
    "sync_active_p95_ms": 1333.4050479577854,
    "sync_inactive_count": 4272,
    "sync_inactive_p95_ms": 1331.7030016332865,
    "sync_inactive_p95_ratio": 1.0012780975355702,
    "tokens_per_sec": 1080.5996537111641
  },
  "simulator": {
    "correlation_pressure_latency": 0.9251645085761686,
    "high_low_p95_ratio": 1.6840371431202974,
    "high_pressure_count": 2460,
    "high_pressure_p95_ms": 151.05584437456125,
    "latency_p50_ms": 97.94689327743578,
    "latency_p95_ms": 144.34460029694282,
    "latency_p99_ms": 155.39865368957948,
    "low_pressure_count": 2436,
    "low_pressure_p95_ms": 89.69864173819516,
    "output_tokens": null,
    "requests": 4896,
    "slo_ms": 1000.0,
    "slo_violation_count": 0,
    "slo_violation_rate": 0.0,
    "sync_active_count": 1110,
    "sync_active_p95_ms": 154.64071250490457,
    "sync_inactive_count": 3786,
    "sync_inactive_p95_ms": 143.8932860164987,
    "sync_inactive_p95_ratio": 1.0746902568280605,
    "tokens_per_sec": null
  },
  "slo_ms": 1000.0,
  "stress_enabled": true,
  "stress_matmul_size": 6144,
  "stress_mode": "pressure",
  "stress_steps": 20,
  "sync_event_count": 8,
  "sync_events_jsonl": "workspaces/stage7/pressure-gate-matched-s41/events/coordinator.jsonl",
  "sync_events_repeat": true,
  "sync_period_sec": 37.0,
  "sync_trace_duration_sec": 444.973,
  "sync_window_sec": 8.0
}
