{
  "backend": "vllm",
  "burst_period_sec": 120.0,
  "burst_phase_sec": 0.0,
  "burst_window_sec": 30.0,
  "busy_concurrency": 12,
  "concurrency": 8,
  "duration_sec": 600.0,
  "load_profile": "bursty",
  "max_new_tokens": 128,
  "model": "Qwen/Qwen2.5-1.5B-Instruct",
  "period_sec": 120.0,
  "prompt_style": "mixed",
  "quiet_concurrency": 4,
  "real": {
    "correlation_pressure_latency": -0.14327928198379442,
    "high_low_p95_ratio": 0.6218263764872975,
    "high_pressure_count": 2136,
    "high_pressure_p95_ms": 749.1136929020286,
    "latency_p50_ms": 737.0758722536266,
    "latency_p95_ms": 874.122123466796,
    "latency_p99_ms": 1259.7936410456896,
    "low_pressure_count": 2332,
    "low_pressure_p95_ms": 1204.6991270035505,
    "output_tokens": 571904,
    "requests": 4468,
    "slo_ms": 1000.0,
    "slo_violation_count": 204,
    "slo_violation_rate": 0.045658012533572066,
    "sync_active_count": 212,
    "sync_active_p95_ms": 1276.160760782659,
    "sync_inactive_count": 4256,
    "sync_inactive_p95_ms": 748.2649716548622,
    "sync_inactive_p95_ratio": 1.7054931195834317,
    "tokens_per_sec": 983.2326874482742
  },
  "simulator": {
    "correlation_pressure_latency": 0.9162438870078502,
    "high_low_p95_ratio": 1.7067659882811608,
    "high_pressure_count": 2295,
    "high_pressure_p95_ms": 152.64446650948437,
    "latency_p50_ms": 99.37402099684675,
    "latency_p95_ms": 145.60257798492003,
    "latency_p99_ms": 155.50391759003497,
    "low_pressure_count": 2173,
    "low_pressure_p95_ms": 89.43491231812547,
    "output_tokens": null,
    "requests": 4468,
    "slo_ms": 1000.0,
    "slo_violation_count": 0,
    "slo_violation_rate": 0.0,
    "sync_active_count": 775,
    "sync_active_p95_ms": 155.13878903382755,
    "sync_inactive_count": 3693,
    "sync_inactive_p95_ms": 144.6219959107492,
    "sync_inactive_p95_ratio": 1.072719181178834,
    "tokens_per_sec": null
  },
  "slo_ms": 1000.0,
  "stress_enabled": true,
  "stress_matmul_size": 6144,
  "stress_mode": "sync",
  "stress_steps": 20,
  "sync_event_count": 8,
  "sync_events_jsonl": "workspaces/stage13/wa-calibrated-s29/events/coordinator.jsonl",
  "sync_events_repeat": true,
  "sync_period_sec": 37.0,
  "sync_trace_duration_sec": 522.733,
  "sync_window_sec": 8.0,
  "sync_windows_enabled": true
}
