{
  "backend": "vllm",
  "concurrency": 8,
  "duration_sec": 600.0,
  "max_new_tokens": 128,
  "model": "Qwen/Qwen2.5-1.5B-Instruct",
  "period_sec": 90.0,
  "prompt_style": "mixed",
  "real": {
    "correlation_pressure_latency": 0.04097298128296909,
    "high_low_p95_ratio": 1.3197124718269462,
    "high_pressure_count": 3008,
    "high_pressure_p95_ms": 1284.145605750382,
    "latency_p50_ms": 729.8232619650662,
    "latency_p95_ms": 1174.7550168074667,
    "latency_p99_ms": 1313.9577177353203,
    "low_pressure_count": 3104,
    "low_pressure_p95_ms": 973.0495340190828,
    "output_tokens": 782336,
    "requests": 6112,
    "slo_ms": 1000.0,
    "slo_violation_count": 336,
    "slo_violation_rate": 0.0549738219895288,
    "sync_active_count": 344,
    "sync_active_p95_ms": 1319.78763313964,
    "sync_inactive_count": 5768,
    "sync_inactive_p95_ms": 737.4543189071119,
    "sync_inactive_p95_ratio": 1.7896534053736792,
    "tokens_per_sec": 1344.770905123351
  },
  "simulator": {
    "correlation_pressure_latency": 0.925613775027996,
    "high_low_p95_ratio": 1.6757923775573509,
    "high_pressure_count": 3072,
    "high_pressure_p95_ms": 150.43704285490142,
    "latency_p50_ms": 97.9494940009863,
    "latency_p95_ms": 144.14313126696393,
    "latency_p99_ms": 155.2523934722797,
    "low_pressure_count": 3040,
    "low_pressure_p95_ms": 89.770692879138,
    "output_tokens": null,
    "requests": 6112,
    "slo_ms": 1000.0,
    "slo_violation_count": 0,
    "slo_violation_rate": 0.0,
    "sync_active_count": 1386,
    "sync_active_p95_ms": 154.25584254254773,
    "sync_inactive_count": 4726,
    "sync_inactive_p95_ms": 143.79781675570382,
    "sync_inactive_p95_ratio": 1.0727272918518012,
    "tokens_per_sec": null
  },
  "slo_ms": 1000.0,
  "stress_enabled": true,
  "stress_matmul_size": 6144,
  "stress_mode": "sync",
  "stress_steps": 20,
  "sync_event_count": 8,
  "sync_events_jsonl": "workspaces/stage7/random-matched-s23/events/coordinator.jsonl",
  "sync_events_repeat": true,
  "sync_period_sec": 37.0,
  "sync_trace_duration_sec": 611.3,
  "sync_window_sec": 8.0
}
