{
  "backend": "vllm",
  "concurrency": 8,
  "duration_sec": 600.0,
  "max_new_tokens": 128,
  "model": "Qwen/Qwen2.5-1.5B-Instruct",
  "period_sec": 90.0,
  "prompt_style": "mixed",
  "real": {
    "correlation_pressure_latency": 0.059645103337578165,
    "high_low_p95_ratio": 1.6203458180616224,
    "high_pressure_count": 2984,
    "high_pressure_p95_ms": 1285.3237083181739,
    "latency_p50_ms": 724.45078054443,
    "latency_p95_ms": 1269.510476384312,
    "latency_p99_ms": 1305.5453086271882,
    "low_pressure_count": 3128,
    "low_pressure_p95_ms": 793.2403651066124,
    "output_tokens": 782336,
    "requests": 6112,
    "slo_ms": 1000.0,
    "slo_violation_count": 400,
    "slo_violation_rate": 0.06544502617801047,
    "sync_active_count": 416,
    "sync_active_p95_ms": 1311.7959508672357,
    "sync_inactive_count": 5696,
    "sync_inactive_p95_ms": 730.6364984251559,
    "sync_inactive_p95_ratio": 1.7954153039093104,
    "tokens_per_sec": 1347.3112240784144
  },
  "simulator": {
    "correlation_pressure_latency": 0.925613775027996,
    "high_low_p95_ratio": 1.6757923775573509,
    "high_pressure_count": 3072,
    "high_pressure_p95_ms": 150.43704285490142,
    "latency_p50_ms": 97.9494940009863,
    "latency_p95_ms": 144.14313126696393,
    "latency_p99_ms": 155.2523934722797,
    "low_pressure_count": 3040,
    "low_pressure_p95_ms": 89.770692879138,
    "output_tokens": null,
    "requests": 6112,
    "slo_ms": 1000.0,
    "slo_violation_count": 0,
    "slo_violation_rate": 0.0,
    "sync_active_count": 1386,
    "sync_active_p95_ms": 154.25584254254773,
    "sync_inactive_count": 4726,
    "sync_inactive_p95_ms": 143.79781675570382,
    "sync_inactive_p95_ratio": 1.0727272918518012,
    "tokens_per_sec": null
  },
  "slo_ms": 1000.0,
  "stress_enabled": true,
  "stress_matmul_size": 6144,
  "stress_mode": "sync",
  "stress_steps": 20,
  "sync_event_count": 8,
  "sync_events_jsonl": "workspaces/stage7/random-matched-s31/events/coordinator.jsonl",
  "sync_events_repeat": true,
  "sync_period_sec": 37.0,
  "sync_trace_duration_sec": 567.74,
  "sync_window_sec": 8.0
}
