{
  "backend": "vllm",
  "concurrency": 8,
  "duration_sec": 600.0,
  "max_new_tokens": 128,
  "model": "Qwen/Qwen2.5-1.5B-Instruct",
  "period_sec": 90.0,
  "prompt_style": "mixed",
  "real": {
    "correlation_pressure_latency": 0.8891346345380434,
    "high_low_p95_ratio": 1.4901984259659715,
    "high_pressure_count": 1976,
    "high_pressure_p95_ms": 1159.7082829102874,
    "latency_p50_ms": 771.7404370196164,
    "latency_p95_ms": 1157.5419716536999,
    "latency_p99_ms": 1166.6679023765028,
    "low_pressure_count": 3072,
    "low_pressure_p95_ms": 778.224069159478,
    "output_tokens": 646144,
    "requests": 5048,
    "slo_ms": 1000.0,
    "slo_violation_count": 1944,
    "slo_violation_rate": 0.38510301109350237,
    "sync_active_count": 536,
    "sync_active_p95_ms": 1157.4462968856096,
    "sync_inactive_count": 4512,
    "sync_inactive_p95_ms": 1157.5419716536999,
    "sync_inactive_p95_ratio": 0.9999173466099431,
    "tokens_per_sec": 1119.34637827505
  },
  "simulator": {
    "correlation_pressure_latency": 0.9251653449256201,
    "high_low_p95_ratio": 1.6728460881019256,
    "high_pressure_count": 2537,
    "high_pressure_p95_ms": 150.49560655674983,
    "latency_p50_ms": 97.70406980681992,
    "latency_p95_ms": 144.09142937133282,
    "latency_p99_ms": 155.635186543694,
    "low_pressure_count": 2511,
    "low_pressure_p95_ms": 89.96380935888001,
    "output_tokens": null,
    "requests": 5048,
    "slo_ms": 1000.0,
    "slo_violation_count": 0,
    "slo_violation_rate": 0.0,
    "sync_active_count": 1144,
    "sync_active_p95_ms": 154.49715755883847,
    "sync_inactive_count": 3904,
    "sync_inactive_p95_ms": 143.76338656332206,
    "sync_inactive_p95_ratio": 1.0746627583845112,
    "tokens_per_sec": null
  },
  "slo_ms": 1000.0,
  "stress_enabled": true,
  "stress_matmul_size": 6144,
  "stress_mode": "pressure",
  "stress_steps": 20,
  "sync_event_count": 8,
  "sync_events_jsonl": "workspaces/stage2/wa-current-s29/events/coordinator.jsonl",
  "sync_events_repeat": true,
  "sync_period_sec": 37.0,
  "sync_trace_duration_sec": 526.672,
  "sync_window_sec": 8.0
}
