{
  "backend": "vllm",
  "concurrency": 8,
  "duration_sec": 600.0,
  "max_new_tokens": 128,
  "model": "Qwen/Qwen2.5-1.5B-Instruct",
  "period_sec": 90.0,
  "prompt_style": "mixed",
  "real": {
    "correlation_pressure_latency": -0.12426190720965422,
    "high_low_p95_ratio": 0.7183173365594967,
    "high_pressure_count": 3048,
    "high_pressure_p95_ms": 850.6972659379244,
    "latency_p50_ms": 734.0724936220795,
    "latency_p95_ms": 1182.0114543428645,
    "latency_p99_ms": 1186.5052082575858,
    "low_pressure_count": 3016,
    "low_pressure_p95_ms": 1184.2917087487876,
    "output_tokens": 776192,
    "requests": 6064,
    "slo_ms": 1000.0,
    "slo_violation_count": 408,
    "slo_violation_rate": 0.06728232189973615,
    "sync_active_count": 440,
    "sync_active_p95_ms": 1187.920265365392,
    "sync_inactive_count": 5624,
    "sync_inactive_p95_ms": 741.7058609426022,
    "sync_inactive_p95_ratio": 1.601605606642659,
    "tokens_per_sec": 1338.5906302661772
  },
  "simulator": {
    "correlation_pressure_latency": 0.9256920703877306,
    "high_low_p95_ratio": 1.677542590480953,
    "high_pressure_count": 3049,
    "high_pressure_p95_ms": 150.8046411008628,
    "latency_p50_ms": 97.95237456927455,
    "latency_p95_ms": 144.18371621889534,
    "latency_p99_ms": 155.20248530552294,
    "low_pressure_count": 3015,
    "low_pressure_p95_ms": 89.89616237262086,
    "output_tokens": null,
    "requests": 6064,
    "slo_ms": 1000.0,
    "slo_violation_count": 0,
    "slo_violation_rate": 0.0,
    "sync_active_count": 1375,
    "sync_active_p95_ms": 154.3344998647546,
    "sync_inactive_count": 4689,
    "sync_inactive_p95_ms": 143.8138744167433,
    "sync_inactive_p95_ratio": 1.0731544539125946,
    "tokens_per_sec": null
  },
  "slo_ms": 1000.0,
  "stress_enabled": true,
  "stress_matmul_size": 6144,
  "stress_mode": "sync",
  "stress_steps": 20,
  "sync_event_count": 8,
  "sync_events_jsonl": "workspaces/stage7/random-matched-s29/events/coordinator.jsonl",
  "sync_events_repeat": true,
  "sync_period_sec": 37.0,
  "sync_trace_duration_sec": 552.717,
  "sync_window_sec": 8.0
}
