{
  "backend": "vllm",
  "concurrency": 8,
  "duration_sec": 600.0,
  "max_new_tokens": 128,
  "model": "Qwen/Qwen2.5-1.5B-Instruct",
  "period_sec": 90.0,
  "prompt_style": "mixed",
  "real": {
    "correlation_pressure_latency": 0.8703152540592419,
    "high_low_p95_ratio": 1.7868515249086043,
    "high_pressure_count": 1896,
    "high_pressure_p95_ms": 1314.3826881423593,
    "latency_p50_ms": 732.4449338484555,
    "latency_p95_ms": 1294.3025504704567,
    "latency_p99_ms": 1317.6703532226384,
    "low_pressure_count": 3224,
    "low_pressure_p95_ms": 735.5858446098864,
    "output_tokens": 655360,
    "requests": 5120,
    "slo_ms": 1000.0,
    "slo_violation_count": 1888,
    "slo_violation_rate": 0.36875,
    "sync_active_count": 1136,
    "sync_active_p95_ms": 1298.2489471323788,
    "sync_inactive_count": 3984,
    "sync_inactive_p95_ms": 1292.0428461162371,
    "sync_inactive_p95_ratio": 1.0048033244677579,
    "tokens_per_sec": 1131.5540339078684
  },
  "simulator": {
    "correlation_pressure_latency": 0.9252646418141288,
    "high_low_p95_ratio": 1.6780764174842848,
    "high_pressure_count": 2574,
    "high_pressure_p95_ms": 150.63025335069295,
    "latency_p50_ms": 97.86286939070689,
    "latency_p95_ms": 144.25393483373855,
    "latency_p99_ms": 155.4531089033691,
    "low_pressure_count": 2546,
    "low_pressure_p95_ms": 89.76364352733871,
    "output_tokens": null,
    "requests": 5120,
    "slo_ms": 1000.0,
    "slo_violation_count": 0,
    "slo_violation_rate": 0.0,
    "sync_active_count": 1163,
    "sync_active_p95_ms": 154.32845882353885,
    "sync_inactive_count": 3957,
    "sync_inactive_p95_ms": 143.71208031299795,
    "sync_inactive_p95_ratio": 1.07387255467612,
    "tokens_per_sec": null
  },
  "slo_ms": 1000.0,
  "stress_enabled": true,
  "stress_matmul_size": 6144,
  "stress_mode": "pressure",
  "stress_steps": 20,
  "sync_event_count": 8,
  "sync_events_jsonl": "workspaces/stage5/pressure-gate-s41/events/coordinator.jsonl",
  "sync_events_repeat": true,
  "sync_period_sec": 37.0,
  "sync_trace_duration_sec": 302.103,
  "sync_window_sec": 8.0
}
