{
  "backend": "vllm",
  "concurrency": 8,
  "duration_sec": 600.0,
  "max_new_tokens": 128,
  "model": "Qwen/Qwen2.5-1.5B-Instruct",
  "period_sec": 90.0,
  "prompt_style": "mixed",
  "real": {
    "correlation_pressure_latency": 0.006458712331357984,
    "high_low_p95_ratio": 1.1066996569078664,
    "high_pressure_count": 3072,
    "high_pressure_p95_ms": 1159.4800991006196,
    "latency_p50_ms": 725.1723669469357,
    "latency_p95_ms": 1083.718494977802,
    "latency_p99_ms": 1319.9951951391995,
    "low_pressure_count": 3080,
    "low_pressure_p95_ms": 1047.6917489431798,
    "output_tokens": 787456,
    "requests": 6152,
    "slo_ms": 1000.0,
    "slo_violation_count": 360,
    "slo_violation_rate": 0.05851755526657997,
    "sync_active_count": 336,
    "sync_active_p95_ms": 1325.319267809391,
    "sync_inactive_count": 5816,
    "sync_inactive_p95_ms": 731.7275200039148,
    "sync_inactive_p95_ratio": 1.8112196570142673,
    "tokens_per_sec": 1352.888632808517
  },
  "simulator": {
    "correlation_pressure_latency": 0.9256552992180602,
    "high_low_p95_ratio": 1.67434203327302,
    "high_pressure_count": 3094,
    "high_pressure_p95_ms": 150.4637441925068,
    "latency_p50_ms": 98.03060176308608,
    "latency_p95_ms": 144.24633739162246,
    "latency_p99_ms": 155.14282473775418,
    "low_pressure_count": 3058,
    "low_pressure_p95_ms": 89.86440118114865,
    "output_tokens": null,
    "requests": 6152,
    "slo_ms": 1000.0,
    "slo_violation_count": 0,
    "slo_violation_rate": 0.0,
    "sync_active_count": 1395,
    "sync_active_p95_ms": 154.3709705585589,
    "sync_inactive_count": 4757,
    "sync_inactive_p95_ms": 143.83851283764065,
    "sync_inactive_p95_ratio": 1.0732241839347079,
    "tokens_per_sec": null
  },
  "slo_ms": 1000.0,
  "stress_enabled": true,
  "stress_matmul_size": 6144,
  "stress_mode": "sync",
  "stress_steps": 20,
  "sync_event_count": 8,
  "sync_events_jsonl": "workspaces/stage7/random-matched-s41/events/coordinator.jsonl",
  "sync_events_repeat": true,
  "sync_period_sec": 37.0,
  "sync_trace_duration_sec": 611.536,
  "sync_window_sec": 8.0
}
