{
  "backend": "vllm",
  "concurrency": 8,
  "duration_sec": 600.0,
  "max_new_tokens": 128,
  "model": "Qwen/Qwen2.5-1.5B-Instruct",
  "period_sec": 90.0,
  "prompt_style": "mixed",
  "real": {
    "correlation_pressure_latency": 0.8680292500029676,
    "high_low_p95_ratio": 1.6648412850028862,
    "high_pressure_count": 1912,
    "high_pressure_p95_ms": 1306.1242242110893,
    "latency_p50_ms": 777.3592849262059,
    "latency_p95_ms": 1276.6935941763222,
    "latency_p99_ms": 1316.7151249945164,
    "low_pressure_count": 3064,
    "low_pressure_p95_ms": 784.5337786711752,
    "output_tokens": 636928,
    "requests": 4976,
    "slo_ms": 1000.0,
    "slo_violation_count": 1888,
    "slo_violation_rate": 0.37942122186495175,
    "sync_active_count": 568,
    "sync_active_p95_ms": 1299.270329065621,
    "sync_inactive_count": 4408,
    "sync_inactive_p95_ms": 1272.8012981824577,
    "sync_inactive_p95_ratio": 1.0207958861457485,
    "tokens_per_sec": 1101.2248745423917
  },
  "simulator": {
    "correlation_pressure_latency": 0.9253046174395192,
    "high_low_p95_ratio": 1.676787383212831,
    "high_pressure_count": 2501,
    "high_pressure_p95_ms": 150.8022407442229,
    "latency_p50_ms": 97.77245398225533,
    "latency_p95_ms": 144.2550638327185,
    "latency_p99_ms": 155.70065846371608,
    "low_pressure_count": 2475,
    "low_pressure_p95_ms": 89.93521913033257,
    "output_tokens": null,
    "requests": 4976,
    "slo_ms": 1000.0,
    "slo_violation_count": 0,
    "slo_violation_rate": 0.0,
    "sync_active_count": 1129,
    "sync_active_p95_ms": 154.8602057279616,
    "sync_inactive_count": 3847,
    "sync_inactive_p95_ms": 143.77187147553562,
    "sync_inactive_p95_ratio": 1.077124503831146,
    "tokens_per_sec": null
  },
  "slo_ms": 1000.0,
  "stress_enabled": true,
  "stress_matmul_size": 6144,
  "stress_mode": "pressure",
  "stress_steps": 20,
  "sync_event_count": 8,
  "sync_events_jsonl": "workspaces/stage2/wa-current-s31/events/coordinator.jsonl",
  "sync_events_repeat": true,
  "sync_period_sec": 37.0,
  "sync_trace_duration_sec": 502.312,
  "sync_window_sec": 8.0
}
