{
  "backend": "vllm",
  "concurrency": 8,
  "duration_sec": 600.0,
  "max_new_tokens": 128,
  "model": "Qwen/Qwen2.5-1.5B-Instruct",
  "period_sec": 90.0,
  "prompt_style": "mixed",
  "real": {
    "correlation_pressure_latency": -0.07668926207438645,
    "high_low_p95_ratio": 0.9997016144283163,
    "high_pressure_count": 3032,
    "high_pressure_p95_ms": 1310.150703717954,
    "latency_p50_ms": 706.713271792978,
    "latency_p95_ms": 1310.747450380586,
    "latency_p99_ms": 1319.4802990183234,
    "low_pressure_count": 3040,
    "low_pressure_p95_ms": 1310.5417504673826,
    "output_tokens": 777216,
    "requests": 6072,
    "slo_ms": 1000.0,
    "slo_violation_count": 584,
    "slo_violation_rate": 0.09617918313570488,
    "sync_active_count": 600,
    "sync_active_p95_ms": 1320.9984600543976,
    "sync_inactive_count": 5472,
    "sync_inactive_p95_ms": 712.8181089647114,
    "sync_inactive_p95_ratio": 1.8532055280876634,
    "tokens_per_sec": 1340.8367496421547
  },
  "simulator": {
    "correlation_pressure_latency": 0.9256562390596927,
    "high_low_p95_ratio": 1.6770025973939566,
    "high_pressure_count": 3051,
    "high_pressure_p95_ms": 150.77331478788983,
    "latency_p50_ms": 97.84661453588444,
    "latency_p95_ms": 144.12907302233356,
    "latency_p99_ms": 155.25001494236759,
    "low_pressure_count": 3021,
    "low_pressure_p95_ms": 89.9064289001042,
    "output_tokens": null,
    "requests": 6072,
    "slo_ms": 1000.0,
    "slo_violation_count": 0,
    "slo_violation_rate": 0.0,
    "sync_active_count": 1377,
    "sync_active_p95_ms": 154.28386592435845,
    "sync_inactive_count": 4695,
    "sync_inactive_p95_ms": 143.80377059260826,
    "sync_inactive_p95_ratio": 1.0728777506219915,
    "tokens_per_sec": null
  },
  "slo_ms": 1000.0,
  "stress_enabled": true,
  "stress_matmul_size": 6144,
  "stress_mode": "sync",
  "stress_steps": 20,
  "sync_event_count": 8,
  "sync_events_jsonl": "workspaces/stage5/fixed-h-512-s41/events/coordinator.jsonl",
  "sync_events_repeat": true,
  "sync_period_sec": 37.0,
  "sync_trace_duration_sec": 360.041,
  "sync_window_sec": 8.0
}
