{
  "backend": "vllm",
  "concurrency": 8,
  "duration_sec": 600.0,
  "max_new_tokens": 128,
  "model": "Qwen/Qwen2.5-1.5B-Instruct",
  "period_sec": 90.0,
  "prompt_style": "mixed",
  "real": {
    "correlation_pressure_latency": 0.8709144776848701,
    "high_low_p95_ratio": 1.800500293600958,
    "high_pressure_count": 1864,
    "high_pressure_p95_ms": 1319.9398051947355,
    "latency_p50_ms": 730.5822351481766,
    "latency_p95_ms": 1299.3028797209263,
    "latency_p99_ms": 1320.873502176255,
    "low_pressure_count": 3224,
    "low_pressure_p95_ms": 733.0961343832314,
    "output_tokens": 651264,
    "requests": 5088,
    "slo_ms": 1000.0,
    "slo_violation_count": 1840,
    "slo_violation_rate": 0.36163522012578614,
    "sync_active_count": 1112,
    "sync_active_p95_ms": 1302.4439056171107,
    "sync_inactive_count": 3976,
    "sync_inactive_p95_ms": 1295.9505580365658,
    "sync_inactive_p95_ratio": 1.005010490207576,
    "tokens_per_sec": 1132.4320453135394
  },
  "simulator": {
    "correlation_pressure_latency": 0.9251797505853832,
    "high_low_p95_ratio": 1.6805840194642891,
    "high_pressure_count": 2557,
    "high_pressure_p95_ms": 151.06102653921403,
    "latency_p50_ms": 97.84887385442647,
    "latency_p95_ms": 144.118947843838,
    "latency_p99_ms": 155.51631563798384,
    "low_pressure_count": 2531,
    "low_pressure_p95_ms": 89.8860305641648,
    "output_tokens": null,
    "requests": 5088,
    "slo_ms": 1000.0,
    "slo_violation_count": 0,
    "slo_violation_rate": 0.0,
    "sync_active_count": 1154,
    "sync_active_p95_ms": 154.97980789421396,
    "sync_inactive_count": 3934,
    "sync_inactive_p95_ms": 143.66576958849862,
    "sync_inactive_p95_ratio": 1.0787524985118035,
    "tokens_per_sec": null
  },
  "slo_ms": 1000.0,
  "stress_enabled": true,
  "stress_matmul_size": 6144,
  "stress_mode": "pressure",
  "stress_steps": 20,
  "sync_event_count": 8,
  "sync_events_jsonl": "workspaces/stage7/pressure-gate-matched-s23/events/coordinator.jsonl",
  "sync_events_repeat": true,
  "sync_period_sec": 37.0,
  "sync_trace_duration_sec": 291.595,
  "sync_window_sec": 8.0
}
