{
  "backend": "vllm",
  "concurrency": 8,
  "duration_sec": 600.0,
  "max_new_tokens": 128,
  "model": "Qwen/Qwen2.5-1.5B-Instruct",
  "period_sec": 90.0,
  "prompt_style": "mixed",
  "real": {
    "correlation_pressure_latency": -0.0815617065683485,
    "high_low_p95_ratio": 0.9733195120557108,
    "high_pressure_count": 2960,
    "high_pressure_p95_ms": 1277.8101116418839,
    "latency_p50_ms": 732.9606860876083,
    "latency_p95_ms": 1302.5112827308476,
    "latency_p99_ms": 1319.9594281613827,
    "low_pressure_count": 2808,
    "low_pressure_p95_ms": 1312.8372500650585,
    "output_tokens": 738304,
    "requests": 5768,
    "slo_ms": 1000.0,
    "slo_violation_count": 792,
    "slo_violation_rate": 0.13730929264909847,
    "sync_active_count": 816,
    "sync_active_p95_ms": 1321.2311160750687,
    "sync_inactive_count": 4952,
    "sync_inactive_p95_ms": 742.5847173668444,
    "sync_inactive_p95_ratio": 1.7792328406111906,
    "tokens_per_sec": 1267.7521540030257
  },
  "simulator": {
    "correlation_pressure_latency": 0.9256769047618952,
    "high_low_p95_ratio": 1.6762173919320398,
    "high_pressure_count": 2901,
    "high_pressure_p95_ms": 150.60896418236757,
    "latency_p50_ms": 98.15899506208554,
    "latency_p95_ms": 144.1653586866945,
    "latency_p99_ms": 154.8619116452987,
    "low_pressure_count": 2867,
    "low_pressure_p95_ms": 89.8504960676806,
    "output_tokens": null,
    "requests": 5768,
    "slo_ms": 1000.0,
    "slo_violation_count": 0,
    "slo_violation_rate": 0.0,
    "sync_active_count": 1307,
    "sync_active_p95_ms": 153.99333929563556,
    "sync_inactive_count": 4461,
    "sync_inactive_p95_ms": 143.73918524552536,
    "sync_inactive_p95_ratio": 1.0713386125891473,
    "tokens_per_sec": null
  },
  "slo_ms": 1000.0,
  "stress_enabled": true,
  "stress_matmul_size": 6144,
  "stress_mode": "sync",
  "stress_steps": 20,
  "sync_event_count": 8,
  "sync_events_jsonl": "workspaces/stage4/pressure-gate-s31/events/coordinator.jsonl",
  "sync_events_repeat": true,
  "sync_period_sec": 37.0,
  "sync_trace_duration_sec": 267.502,
  "sync_window_sec": 8.0
}
