{
  "backend": "vllm",
  "burst_period_sec": 120.0,
  "burst_phase_sec": 0.0,
  "burst_window_sec": 30.0,
  "busy_concurrency": 12,
  "concurrency": 8,
  "duration_sec": 600.0,
  "load_profile": "bursty",
  "max_new_tokens": 128,
  "model": "Qwen/Qwen2.5-1.5B-Instruct",
  "period_sec": 120.0,
  "prompt_style": "mixed",
  "quiet_concurrency": 4,
  "real": {
    "correlation_pressure_latency": -0.05678836370026427,
    "high_low_p95_ratio": 0.5817900878871833,
    "high_pressure_count": 2088,
    "high_pressure_p95_ms": 761.2772798165679,
    "latency_p50_ms": 727.7071522548795,
    "latency_p95_ms": 1286.8483611382544,
    "latency_p99_ms": 1317.6061739213765,
    "low_pressure_count": 2336,
    "low_pressure_p95_ms": 1308.5085079073906,
    "output_tokens": 566272,
    "requests": 4424,
    "slo_ms": 1000.0,
    "slo_violation_count": 268,
    "slo_violation_rate": 0.06057866184448463,
    "sync_active_count": 276,
    "sync_active_p95_ms": 1320.3336708247662,
    "sync_inactive_count": 4148,
    "sync_inactive_p95_ms": 741.3248393451795,
    "sync_inactive_p95_ratio": 1.7810460418283456,
    "tokens_per_sec": 975.7979352124695
  },
  "simulator": {
    "correlation_pressure_latency": 0.9161637842597626,
    "high_low_p95_ratio": 1.7106050048314725,
    "high_pressure_count": 2272,
    "high_pressure_p95_ms": 152.96319368772498,
    "latency_p50_ms": 99.23217714448705,
    "latency_p95_ms": 145.17904707029683,
    "latency_p99_ms": 155.45035957053574,
    "low_pressure_count": 2152,
    "low_pressure_p95_ms": 89.42052271312909,
    "output_tokens": null,
    "requests": 4424,
    "slo_ms": 1000.0,
    "slo_violation_count": 0,
    "slo_violation_rate": 0.0,
    "sync_active_count": 767,
    "sync_active_p95_ms": 155.00531436008214,
    "sync_inactive_count": 3657,
    "sync_inactive_p95_ms": 144.58834040536556,
    "sync_inactive_p95_ratio": 1.0720457398259895,
    "tokens_per_sec": null
  },
  "slo_ms": 1000.0,
  "stress_enabled": true,
  "stress_matmul_size": 6144,
  "stress_mode": "sync",
  "stress_steps": 20,
  "sync_event_count": 8,
  "sync_events_jsonl": "workspaces/stage13/wa-calibrated-s37/events/coordinator.jsonl",
  "sync_events_repeat": true,
  "sync_period_sec": 37.0,
  "sync_trace_duration_sec": 508.929,
  "sync_window_sec": 8.0,
  "sync_windows_enabled": true
}
