{
  "backend": "vllm",
  "concurrency": 4,
  "duration_sec": 1800.0,
  "max_new_tokens": 96,
  "model": "Qwen/Qwen2.5-1.5B-Instruct",
  "period_sec": 90.0,
  "prompt_style": "mixed",
  "real": {
    "correlation_pressure_latency": 0.07605375184278233,
    "high_low_p95_ratio": 1.0030793655477772,
    "high_pressure_count": 5520,
    "high_pressure_p95_ms": 686.5405742544681,
    "latency_p50_ms": 683.1310209818184,
    "latency_p95_ms": 686.1459040082991,
    "latency_p99_ms": 687.1035760268569,
    "low_pressure_count": 5484,
    "low_pressure_p95_ms": 684.432954993099,
    "output_tokens": 1056384,
    "requests": 11004,
    "sync_active_count": 2192,
    "sync_active_p95_ms": 686.488791834563,
    "sync_inactive_count": 8812,
    "sync_inactive_p95_ms": 686.093132942915,
    "sync_inactive_p95_ratio": 1.0005766839407806,
    "tokens_per_sec": 594.3410541669342
  },
  "simulator": {
    "correlation_pressure_latency": 0.9056675965550276,
    "high_low_p95_ratio": 1.7174843640623312,
    "high_pressure_count": 5985,
    "high_pressure_p95_ms": 153.74353936034612,
    "latency_p50_ms": 101.08448771158052,
    "latency_p95_ms": 148.4128358775373,
    "latency_p99_ms": 156.06933565335746,
    "low_pressure_count": 5019,
    "low_pressure_p95_ms": 89.51670395222675,
    "output_tokens": null,
    "requests": 11004,
    "sync_active_count": 2446,
    "sync_active_p95_ms": 155.7816548675797,
    "sync_inactive_count": 8558,
    "sync_inactive_p95_ms": 145.3633660304264,
    "sync_inactive_p95_ratio": 1.0716706631227337,
    "tokens_per_sec": null
  },
  "stress_enabled": true,
  "stress_matmul_size": 4096,
  "stress_mode": "both",
  "stress_steps": 12,
  "sync_period_sec": 37.0,
  "sync_window_sec": 8.0
}
