{
  "backend": "vllm",
  "concurrency": 8,
  "duration_sec": 600.0,
  "max_new_tokens": 128,
  "model": "Qwen/Qwen2.5-1.5B-Instruct",
  "period_sec": 90.0,
  "prompt_style": "mixed",
  "real": {
    "correlation_pressure_latency": 0.8871286672798736,
    "high_low_p95_ratio": 1.4503562493686737,
    "high_pressure_count": 1944,
    "high_pressure_p95_ms": 1161.6024659015238,
    "latency_p50_ms": 788.6919612064958,
    "latency_p95_ms": 1159.6929682418704,
    "latency_p99_ms": 1167.6694890484214,
    "low_pressure_count": 3040,
    "low_pressure_p95_ms": 800.9083743439988,
    "output_tokens": 637952,
    "requests": 4984,
    "slo_ms": 1000.0,
    "slo_violation_count": 1960,
    "slo_violation_rate": 0.39325842696629215,
    "sync_active_count": 1064,
    "sync_active_p95_ms": 1159.5645803026855,
    "sync_inactive_count": 3920,
    "sync_inactive_p95_ms": 1159.7313480451703,
    "sync_inactive_p95_ratio": 0.9998562014015006,
    "tokens_per_sec": 1106.758463500953
  },
  "simulator": {
    "correlation_pressure_latency": 0.9252578016866257,
    "high_low_p95_ratio": 1.677697411559718,
    "high_pressure_count": 2504,
    "high_pressure_p95_ms": 150.73748890336947,
    "latency_p50_ms": 97.69971021134097,
    "latency_p95_ms": 144.29245055349935,
    "latency_p99_ms": 155.6207190253326,
    "low_pressure_count": 2480,
    "low_pressure_p95_ms": 89.84784017949468,
    "output_tokens": null,
    "requests": 4984,
    "slo_ms": 1000.0,
    "slo_violation_count": 0,
    "slo_violation_rate": 0.0,
    "sync_active_count": 1126,
    "sync_active_p95_ms": 155.10592564196403,
    "sync_inactive_count": 3858,
    "sync_inactive_p95_ms": 143.744510432031,
    "sync_inactive_p95_ratio": 1.0790389502582447,
    "tokens_per_sec": null
  },
  "slo_ms": 1000.0,
  "stress_enabled": true,
  "stress_matmul_size": 6144,
  "stress_mode": "pressure",
  "stress_steps": 20,
  "sync_event_count": 8,
  "sync_events_jsonl": "workspaces/stage5/pressure-gate-s37/events/coordinator.jsonl",
  "sync_events_repeat": true,
  "sync_period_sec": 37.0,
  "sync_trace_duration_sec": 303.347,
  "sync_window_sec": 8.0
}
