{
  "backend": "vllm",
  "concurrency": 8,
  "duration_sec": 600.0,
  "max_new_tokens": 128,
  "model": "Qwen/Qwen2.5-1.5B-Instruct",
  "period_sec": 90.0,
  "prompt_style": "mixed",
  "real": {
    "correlation_pressure_latency": 0.8824508448568331,
    "high_low_p95_ratio": 1.7764543263118087,
    "high_pressure_count": 1760,
    "high_pressure_p95_ms": 1316.2418230902404,
    "latency_p50_ms": 737.0112910866737,
    "latency_p95_ms": 1311.8831422179937,
    "latency_p99_ms": 1317.5230962224305,
    "low_pressure_count": 3208,
    "low_pressure_p95_ms": 740.9376101568341,
    "output_tokens": 635904,
    "requests": 4968,
    "slo_ms": 1000.0,
    "slo_violation_count": 1760,
    "slo_violation_rate": 0.35426731078904994,
    "sync_active_count": 600,
    "sync_active_p95_ms": 1311.90918199718,
    "sync_inactive_count": 4368,
    "sync_inactive_p95_ms": 1311.8831422179937,
    "sync_inactive_p95_ratio": 1.000019849160606,
    "tokens_per_sec": 1103.2823766369395
  },
  "simulator": {
    "correlation_pressure_latency": 0.9253062374636231,
    "high_low_p95_ratio": 1.6710030733581038,
    "high_pressure_count": 2497,
    "high_pressure_p95_ms": 150.24999670473272,
    "latency_p50_ms": 97.86559851920615,
    "latency_p95_ms": 144.19294120357208,
    "latency_p99_ms": 155.56780700740154,
    "low_pressure_count": 2471,
    "low_pressure_p95_ms": 89.91605048504506,
    "output_tokens": null,
    "requests": 4968,
    "slo_ms": 1000.0,
    "slo_violation_count": 0,
    "slo_violation_rate": 0.0,
    "sync_active_count": 1126,
    "sync_active_p95_ms": 154.70695901672508,
    "sync_inactive_count": 3842,
    "sync_inactive_p95_ms": 143.84752209060642,
    "sync_inactive_p95_ratio": 1.075492693709931,
    "tokens_per_sec": null
  },
  "slo_ms": 1000.0,
  "stress_enabled": true,
  "stress_matmul_size": 6144,
  "stress_mode": "pressure",
  "stress_steps": 20,
  "sync_event_count": 8,
  "sync_events_jsonl": "workspaces/stage2/wa-current-s23/events/coordinator.jsonl",
  "sync_events_repeat": true,
  "sync_period_sec": 37.0,
  "sync_trace_duration_sec": 544.856,
  "sync_window_sec": 8.0
}
