{
  "backend": "vllm",
  "concurrency": 8,
  "duration_sec": 600.0,
  "max_new_tokens": 128,
  "model": "Qwen/Qwen2.5-1.5B-Instruct",
  "period_sec": 90.0,
  "prompt_style": "mixed",
  "real": {
    "correlation_pressure_latency": -0.022547795415881897,
    "high_low_p95_ratio": 0.6200684471210746,
    "high_pressure_count": 3104,
    "high_pressure_p95_ms": 808.8087309151888,
    "latency_p50_ms": 713.6088870465755,
    "latency_p95_ms": 1300.0123910605907,
    "latency_p99_ms": 1319.538539275527,
    "low_pressure_count": 3088,
    "low_pressure_p95_ms": 1304.3862087652087,
    "output_tokens": 792576,
    "requests": 6192,
    "slo_ms": 1000.0,
    "slo_violation_count": 384,
    "slo_violation_rate": 0.06201550387596899,
    "sync_active_count": 408,
    "sync_active_p95_ms": 1320.8635752089322,
    "sync_inactive_count": 5784,
    "sync_inactive_p95_ms": 725.105560850352,
    "sync_inactive_p95_ratio": 1.8216155640289362,
    "tokens_per_sec": 1364.5449091866494
  },
  "simulator": {
    "correlation_pressure_latency": 0.9256799867229962,
    "high_low_p95_ratio": 1.6766323629437545,
    "high_pressure_count": 3111,
    "high_pressure_p95_ms": 150.56175809944966,
    "latency_p50_ms": 98.10195624336289,
    "latency_p95_ms": 144.02577696343707,
    "latency_p99_ms": 155.14025618138058,
    "low_pressure_count": 3081,
    "low_pressure_p95_ms": 89.80010253118353,
    "output_tokens": null,
    "requests": 6192,
    "slo_ms": 1000.0,
    "slo_violation_count": 0,
    "slo_violation_rate": 0.0,
    "sync_active_count": 1403,
    "sync_active_p95_ms": 154.55741858518667,
    "sync_inactive_count": 4789,
    "sync_inactive_p95_ms": 143.69226804844754,
    "sync_inactive_p95_ratio": 1.0756140235261358,
    "tokens_per_sec": null
  },
  "slo_ms": 1000.0,
  "stress_enabled": true,
  "stress_matmul_size": 6144,
  "stress_mode": "sync",
  "stress_steps": 20,
  "sync_event_count": 8,
  "sync_events_jsonl": "workspaces/stage2/wa-current-s31/events/coordinator.jsonl",
  "sync_events_repeat": true,
  "sync_period_sec": 37.0,
  "sync_trace_duration_sec": 502.312,
  "sync_window_sec": 8.0
}
