{
  "backend": "vllm",
  "concurrency": 8,
  "duration_sec": 600.0,
  "max_new_tokens": 128,
  "model": "Qwen/Qwen2.5-1.5B-Instruct",
  "period_sec": 90.0,
  "prompt_style": "mixed",
  "real": {
    "correlation_pressure_latency": 0.8851248810662142,
    "high_low_p95_ratio": 1.6573735060089294,
    "high_pressure_count": 1888,
    "high_pressure_p95_ms": 1196.905444841832,
    "latency_p50_ms": 717.658149311319,
    "latency_p95_ms": 1194.8471539653838,
    "latency_p99_ms": 1197.3063969053328,
    "low_pressure_count": 3296,
    "low_pressure_p95_ms": 722.1700120717287,
    "output_tokens": 663552,
    "requests": 5184,
    "slo_ms": 1000.0,
    "slo_violation_count": 1896,
    "slo_violation_rate": 0.36574074074074076,
    "sync_active_count": 872,
    "sync_active_p95_ms": 1195.3338091261685,
    "sync_inactive_count": 4312,
    "sync_inactive_p95_ms": 1194.7753589367494,
    "sync_inactive_p95_ratio": 1.0004674101999527,
    "tokens_per_sec": 1153.5542008553946
  },
  "simulator": {
    "correlation_pressure_latency": 0.9254427915901439,
    "high_low_p95_ratio": 1.6789751823483736,
    "high_pressure_count": 2605,
    "high_pressure_p95_ms": 150.9008485266989,
    "latency_p50_ms": 97.9355760424267,
    "latency_p95_ms": 144.40418237709014,
    "latency_p99_ms": 155.36160203277615,
    "low_pressure_count": 2579,
    "low_pressure_p95_ms": 89.87675941441533,
    "output_tokens": null,
    "requests": 5184,
    "slo_ms": 1000.0,
    "slo_violation_count": 0,
    "slo_violation_rate": 0.0,
    "sync_active_count": 1174,
    "sync_active_p95_ms": 154.18810159835246,
    "sync_inactive_count": 4010,
    "sync_inactive_p95_ms": 143.78678800497238,
    "sync_inactive_p95_ratio": 1.0723384515204581,
    "tokens_per_sec": null
  },
  "slo_ms": 1000.0,
  "stress_enabled": true,
  "stress_matmul_size": 6144,
  "stress_mode": "pressure",
  "stress_steps": 20,
  "sync_event_count": 8,
  "sync_events_jsonl": "workspaces/stage4/fixed-h-512-s29/events/coordinator.jsonl",
  "sync_events_repeat": true,
  "sync_period_sec": 37.0,
  "sync_trace_duration_sec": 353.321,
  "sync_window_sec": 8.0
}
