{
  "backend": "vllm",
  "concurrency": 8,
  "duration_sec": 600.0,
  "max_new_tokens": 128,
  "model": "Qwen/Qwen2.5-1.5B-Instruct",
  "period_sec": 90.0,
  "prompt_style": "mixed",
  "real": {
    "correlation_pressure_latency": 0.8821642883947138,
    "high_low_p95_ratio": 1.8192924874209235,
    "high_pressure_count": 1728,
    "high_pressure_p95_ms": 1337.8485389985144,
    "latency_p50_ms": 731.6095153801143,
    "latency_p95_ms": 1334.1694239061326,
    "latency_p99_ms": 1339.0618008561432,
    "low_pressure_count": 3232,
    "low_pressure_p95_ms": 735.3674839250743,
    "output_tokens": 634880,
    "requests": 4960,
    "slo_ms": 1000.0,
    "slo_violation_count": 1728,
    "slo_violation_rate": 0.34838709677419355,
    "sync_active_count": 1128,
    "sync_active_p95_ms": 1332.4298108927906,
    "sync_inactive_count": 3832,
    "sync_inactive_p95_ms": 1334.2678293120116,
    "sync_inactive_p95_ratio": 0.9986224516706149,
    "tokens_per_sec": 1098.993209734826
  },
  "simulator": {
    "correlation_pressure_latency": 0.9252421878116934,
    "high_low_p95_ratio": 1.6744190572742617,
    "high_pressure_count": 2490,
    "high_pressure_p95_ms": 150.31513438138182,
    "latency_p50_ms": 97.48968009550595,
    "latency_p95_ms": 144.3074524121362,
    "latency_p99_ms": 155.50213367448583,
    "low_pressure_count": 2470,
    "low_pressure_p95_ms": 89.77151432215271,
    "output_tokens": null,
    "requests": 4960,
    "slo_ms": 1000.0,
    "slo_violation_count": 0,
    "slo_violation_rate": 0.0,
    "sync_active_count": 1126,
    "sync_active_p95_ms": 154.83371889918885,
    "sync_inactive_count": 3834,
    "sync_inactive_p95_ms": 143.78440757042344,
    "sync_inactive_p95_ratio": 1.0768463807409272,
    "tokens_per_sec": null
  },
  "slo_ms": 1000.0,
  "stress_enabled": true,
  "stress_matmul_size": 6144,
  "stress_mode": "pressure",
  "stress_steps": 20,
  "sync_event_count": 8,
  "sync_events_jsonl": "workspaces/stage7/pressure-gate-matched-s31/events/coordinator.jsonl",
  "sync_events_repeat": true,
  "sync_period_sec": 37.0,
  "sync_trace_duration_sec": 298.906,
  "sync_window_sec": 8.0
}
