{
  "backend": "vllm",
  "concurrency": 8,
  "duration_sec": 600.0,
  "max_new_tokens": 128,
  "model": "Qwen/Qwen2.5-1.5B-Instruct",
  "period_sec": 90.0,
  "prompt_style": "mixed",
  "real": {
    "correlation_pressure_latency": 0.8803750218372624,
    "high_low_p95_ratio": 1.7552924236905443,
    "high_pressure_count": 1792,
    "high_pressure_p95_ms": 1300.720957107842,
    "latency_p50_ms": 737.9561681300402,
    "latency_p95_ms": 1290.2834280394018,
    "latency_p99_ms": 1305.0997708924115,
    "low_pressure_count": 3192,
    "low_pressure_p95_ms": 741.028070054017,
    "output_tokens": 637952,
    "requests": 4984,
    "slo_ms": 1000.0,
    "slo_violation_count": 1760,
    "slo_violation_rate": 0.35313001605136435,
    "sync_active_count": 472,
    "sync_active_p95_ms": 1288.206961029209,
    "sync_inactive_count": 4512,
    "sync_inactive_p95_ms": 1290.2834280394018,
    "sync_inactive_p95_ratio": 0.9983906892353503,
    "tokens_per_sec": 1113.5240924426248
  },
  "simulator": {
    "correlation_pressure_latency": 0.9252578016866257,
    "high_low_p95_ratio": 1.677697411559718,
    "high_pressure_count": 2504,
    "high_pressure_p95_ms": 150.73748890336947,
    "latency_p50_ms": 97.69971021134097,
    "latency_p95_ms": 144.29245055349935,
    "latency_p99_ms": 155.6207190253326,
    "low_pressure_count": 2480,
    "low_pressure_p95_ms": 89.84784017949468,
    "output_tokens": null,
    "requests": 4984,
    "slo_ms": 1000.0,
    "slo_violation_count": 0,
    "slo_violation_rate": 0.0,
    "sync_active_count": 1126,
    "sync_active_p95_ms": 155.10592564196403,
    "sync_inactive_count": 3858,
    "sync_inactive_p95_ms": 143.744510432031,
    "sync_inactive_p95_ratio": 1.0790389502582447,
    "tokens_per_sec": null
  },
  "slo_ms": 1000.0,
  "stress_enabled": true,
  "stress_matmul_size": 6144,
  "stress_mode": "pressure",
  "stress_steps": 20,
  "sync_event_count": 8,
  "sync_events_jsonl": "workspaces/stage7/random-matched-s23/events/coordinator.jsonl",
  "sync_events_repeat": true,
  "sync_period_sec": 37.0,
  "sync_trace_duration_sec": 611.3,
  "sync_window_sec": 8.0
}
