{
  "backend": "vllm",
  "burst_period_sec": 120.0,
  "burst_phase_sec": 0.0,
  "burst_window_sec": 30.0,
  "busy_concurrency": 12,
  "concurrency": 8,
  "duration_sec": 600.0,
  "load_profile": "bursty",
  "max_new_tokens": 128,
  "model": "Qwen/Qwen2.5-1.5B-Instruct",
  "period_sec": 120.0,
  "prompt_style": "mixed",
  "quiet_concurrency": 4,
  "real": {
    "correlation_pressure_latency": -0.07212809246868311,
    "high_low_p95_ratio": 0.6373345802474948,
    "high_pressure_count": 2052,
    "high_pressure_p95_ms": 755.2178166806698,
    "latency_p50_ms": 744.616461917758,
    "latency_p95_ms": 1073.6168283037841,
    "latency_p99_ms": 1244.2004494881262,
    "low_pressure_count": 2328,
    "low_pressure_p95_ms": 1184.9628752097487,
    "output_tokens": 560640,
    "requests": 4380,
    "slo_ms": 1000.0,
    "slo_violation_count": 228,
    "slo_violation_rate": 0.052054794520547946,
    "sync_active_count": 240,
    "sync_active_p95_ms": 1280.4359633708373,
    "sync_inactive_count": 4140,
    "sync_inactive_p95_ms": 753.2232687808573,
    "sync_inactive_p95_ratio": 1.6999421239910835,
    "tokens_per_sec": 967.1311398337651
  },
  "simulator": {
    "correlation_pressure_latency": 0.9161486351631821,
    "high_low_p95_ratio": 1.7037836559483688,
    "high_pressure_count": 2248,
    "high_pressure_p95_ms": 152.6620774351103,
    "latency_p50_ms": 99.29328355656568,
    "latency_p95_ms": 145.27224079988792,
    "latency_p99_ms": 155.7103548130197,
    "low_pressure_count": 2132,
    "low_pressure_p95_ms": 89.60179709561467,
    "output_tokens": null,
    "requests": 4380,
    "slo_ms": 1000.0,
    "slo_violation_count": 0,
    "slo_violation_rate": 0.0,
    "sync_active_count": 762,
    "sync_active_p95_ms": 155.15164034088758,
    "sync_inactive_count": 3618,
    "sync_inactive_p95_ms": 144.58104186815308,
    "sync_inactive_p95_ratio": 1.0731119262674431,
    "tokens_per_sec": null
  },
  "slo_ms": 1000.0,
  "stress_enabled": true,
  "stress_matmul_size": 6144,
  "stress_mode": "sync",
  "stress_steps": 20,
  "sync_event_count": 8,
  "sync_events_jsonl": "workspaces/stage13/wa-calibrated-s31/events/coordinator.jsonl",
  "sync_events_repeat": true,
  "sync_period_sec": 37.0,
  "sync_trace_duration_sec": 546.819,
  "sync_window_sec": 8.0,
  "sync_windows_enabled": true
}
