{
  "backend": "vllm",
  "concurrency": 8,
  "duration_sec": 600.0,
  "max_new_tokens": 128,
  "model": "Qwen/Qwen2.5-1.5B-Instruct",
  "period_sec": 90.0,
  "prompt_style": "mixed",
  "real": {
    "correlation_pressure_latency": -0.03359426281731848,
    "high_low_p95_ratio": 0.988546238559254,
    "high_pressure_count": 2960,
    "high_pressure_p95_ms": 1155.3634740412235,
    "latency_p50_ms": 730.1724185235798,
    "latency_p95_ms": 1157.3271700181067,
    "latency_p99_ms": 1206.7154729738832,
    "low_pressure_count": 3008,
    "low_pressure_p95_ms": 1168.7500583939254,
    "output_tokens": 763904,
    "requests": 5968,
    "slo_ms": 1000.0,
    "slo_violation_count": 624,
    "slo_violation_rate": 0.10455764075067024,
    "sync_active_count": 672,
    "sync_active_p95_ms": 1219.1112856380641,
    "sync_inactive_count": 5296,
    "sync_inactive_p95_ms": 739.3947071395814,
    "sync_inactive_p95_ratio": 1.6487963382295658,
    "tokens_per_sec": 1315.4390477602635
  },
  "simulator": {
    "correlation_pressure_latency": 0.9254676639098801,
    "high_low_p95_ratio": 1.6741315785025626,
    "high_pressure_count": 3000,
    "high_pressure_p95_ms": 150.5458992137344,
    "latency_p50_ms": 97.9997110641967,
    "latency_p95_ms": 144.37491887091812,
    "latency_p99_ms": 155.0566284812314,
    "low_pressure_count": 2968,
    "low_pressure_p95_ms": 89.92477123476228,
    "output_tokens": null,
    "requests": 5968,
    "slo_ms": 1000.0,
    "slo_violation_count": 0,
    "slo_violation_rate": 0.0,
    "sync_active_count": 1351,
    "sync_active_p95_ms": 154.40602507988856,
    "sync_inactive_count": 4617,
    "sync_inactive_p95_ms": 143.92219580281576,
    "sync_inactive_p95_ratio": 1.0728437279503187,
    "tokens_per_sec": null
  },
  "slo_ms": 1000.0,
  "stress_enabled": true,
  "stress_matmul_size": 6144,
  "stress_mode": "sync",
  "stress_steps": 20,
  "sync_event_count": 8,
  "sync_events_jsonl": "workspaces/stage4/fixed-h-512-s29/events/coordinator.jsonl",
  "sync_events_repeat": true,
  "sync_period_sec": 37.0,
  "sync_trace_duration_sec": 353.321,
  "sync_window_sec": 8.0
}
