{
  "backend": "vllm",
  "concurrency": 8,
  "duration_sec": 600.0,
  "max_new_tokens": 128,
  "model": "Qwen/Qwen2.5-1.5B-Instruct",
  "period_sec": 90.0,
  "prompt_style": "mixed",
  "real": {
    "correlation_pressure_latency": 0.8731917012350034,
    "high_low_p95_ratio": 1.8183971534981207,
    "high_pressure_count": 1912,
    "high_pressure_p95_ms": 1308.3721855655313,
    "latency_p50_ms": 715.6938170082867,
    "latency_p95_ms": 1277.5912159122527,
    "latency_p99_ms": 1311.4782930351794,
    "low_pressure_count": 3296,
    "low_pressure_p95_ms": 719.5194861851633,
    "output_tokens": 666624,
    "requests": 5208,
    "slo_ms": 1000.0,
    "slo_violation_count": 1888,
    "slo_violation_rate": 0.36251920122887865,
    "sync_active_count": 736,
    "sync_active_p95_ms": 1245.2358701266348,
    "sync_inactive_count": 4472,
    "sync_inactive_p95_ms": 1283.3311266731464,
    "sync_inactive_p95_ratio": 0.9703153334671558,
    "tokens_per_sec": 1150.7999598502633
  },
  "simulator": {
    "correlation_pressure_latency": 0.9254734820055303,
    "high_low_p95_ratio": 1.6767849604739733,
    "high_pressure_count": 2617,
    "high_pressure_p95_ms": 150.59117637121204,
    "latency_p50_ms": 97.8675452074483,
    "latency_p95_ms": 144.311790200847,
    "latency_p99_ms": 155.02839565784183,
    "low_pressure_count": 2591,
    "low_pressure_p95_ms": 89.80947463212263,
    "output_tokens": null,
    "requests": 5208,
    "slo_ms": 1000.0,
    "slo_violation_count": 0,
    "slo_violation_rate": 0.0,
    "sync_active_count": 1182,
    "sync_active_p95_ms": 154.4741879057701,
    "sync_inactive_count": 4026,
    "sync_inactive_p95_ms": 143.78457900522397,
    "sync_inactive_p95_ratio": 1.0743446131323844,
    "tokens_per_sec": null
  },
  "slo_ms": 1000.0,
  "stress_enabled": true,
  "stress_matmul_size": 6144,
  "stress_mode": "pressure",
  "stress_steps": 20,
  "sync_event_count": 8,
  "sync_events_jsonl": "workspaces/stage7/pressure-gate-matched-s29/events/coordinator.jsonl",
  "sync_events_repeat": true,
  "sync_period_sec": 37.0,
  "sync_trace_duration_sec": 395.056,
  "sync_window_sec": 8.0
}
