{
  "backend": "vllm",
  "concurrency": 8,
  "duration_sec": 600.0,
  "max_new_tokens": 128,
  "model": "Qwen/Qwen2.5-1.5B-Instruct",
  "period_sec": 90.0,
  "prompt_style": "mixed",
  "real": {
    "correlation_pressure_latency": 0.8780302409090748,
    "high_low_p95_ratio": 1.8261777134455806,
    "high_pressure_count": 1680,
    "high_pressure_p95_ms": 1336.0582338646054,
    "latency_p50_ms": 727.8623729944229,
    "latency_p95_ms": 1333.7674509501085,
    "latency_p99_ms": 1338.8408129103482,
    "low_pressure_count": 3264,
    "low_pressure_p95_ms": 731.6145761869848,
    "output_tokens": 632832,
    "requests": 4944,
    "slo_ms": 1000.0,
    "slo_violation_count": 1720,
    "slo_violation_rate": 0.3478964401294498,
    "sync_active_count": 1648,
    "sync_active_p95_ms": 1329.3957118876278,
    "sync_inactive_count": 3296,
    "sync_inactive_p95_ms": 1334.631440229714,
    "sync_inactive_p95_ratio": 0.996077023075985,
    "tokens_per_sec": 1104.4108045127286
  },
  "simulator": {
    "correlation_pressure_latency": 0.9251709525711598,
    "high_low_p95_ratio": 1.6781596557106029,
    "high_pressure_count": 2485,
    "high_pressure_p95_ms": 150.55158927573743,
    "latency_p50_ms": 97.80661585255712,
    "latency_p95_ms": 144.2768077635193,
    "latency_p99_ms": 155.6695117322719,
    "low_pressure_count": 2459,
    "low_pressure_p95_ms": 89.71231596673536,
    "output_tokens": null,
    "requests": 4944,
    "slo_ms": 1000.0,
    "slo_violation_count": 0,
    "slo_violation_rate": 0.0,
    "sync_active_count": 1121,
    "sync_active_p95_ms": 154.76853577509084,
    "sync_inactive_count": 3823,
    "sync_inactive_p95_ms": 143.82724173911686,
    "sync_inactive_p95_ratio": 1.0760724735013691,
    "tokens_per_sec": null
  },
  "slo_ms": 1000.0,
  "stress_enabled": true,
  "stress_matmul_size": 6144,
  "stress_mode": "pressure",
  "stress_steps": 20,
  "sync_event_count": 14,
  "sync_events_jsonl": "workspaces/stage2/fixed-h-256-s29/events/coordinator.jsonl",
  "sync_events_repeat": true,
  "sync_period_sec": 37.0,
  "sync_trace_duration_sec": 355.947,
  "sync_window_sec": 8.0
}
