{
  "backend": "vllm",
  "concurrency": 8,
  "duration_sec": 600.0,
  "max_new_tokens": 128,
  "model": "Qwen/Qwen2.5-1.5B-Instruct",
  "period_sec": 90.0,
  "prompt_style": "mixed",
  "real": {
    "correlation_pressure_latency": -0.022753805751622763,
    "high_low_p95_ratio": 0.9824695400218897,
    "high_pressure_count": 2904,
    "high_pressure_p95_ms": 1266.6160124354064,
    "latency_p50_ms": 724.4818452745676,
    "latency_p95_ms": 1281.6327763721347,
    "latency_p99_ms": 1319.0442007035017,
    "low_pressure_count": 2928,
    "low_pressure_p95_ms": 1289.2165719531476,
    "output_tokens": 746496,
    "requests": 5832,
    "slo_ms": 1000.0,
    "slo_violation_count": 808,
    "slo_violation_rate": 0.13854595336076816,
    "sync_active_count": 856,
    "sync_active_p95_ms": 1319.805026985705,
    "sync_inactive_count": 4976,
    "sync_inactive_p95_ms": 731.7412900738418,
    "sync_inactive_p95_ratio": 1.803649793839733,
    "tokens_per_sec": 1282.3496732212575
  },
  "simulator": {
    "correlation_pressure_latency": 0.9253341813906658,
    "high_low_p95_ratio": 1.673978485979197,
    "high_pressure_count": 2931,
    "high_pressure_p95_ms": 150.30951297806192,
    "latency_p50_ms": 98.20924725198452,
    "latency_p95_ms": 144.2399598841231,
    "latency_p99_ms": 155.278476352489,
    "low_pressure_count": 2901,
    "low_pressure_p95_ms": 89.7917830109615,
    "output_tokens": null,
    "requests": 5832,
    "slo_ms": 1000.0,
    "slo_violation_count": 0,
    "slo_violation_rate": 0.0,
    "sync_active_count": 1323,
    "sync_active_p95_ms": 154.6745844324916,
    "sync_inactive_count": 4509,
    "sync_inactive_p95_ms": 143.7216029015125,
    "sync_inactive_p95_ratio": 1.0762097089780218,
    "tokens_per_sec": null
  },
  "slo_ms": 1000.0,
  "stress_enabled": true,
  "stress_matmul_size": 6144,
  "stress_mode": "sync",
  "stress_steps": 20,
  "sync_event_count": 8,
  "sync_events_jsonl": "workspaces/stage7/pressure-gate-matched-s37/events/coordinator.jsonl",
  "sync_events_repeat": true,
  "sync_period_sec": 37.0,
  "sync_trace_duration_sec": 245.163,
  "sync_window_sec": 8.0
}
