{
  "backend": "vllm",
  "concurrency": 8,
  "duration_sec": 600.0,
  "max_new_tokens": 128,
  "model": "Qwen/Qwen2.5-1.5B-Instruct",
  "period_sec": 90.0,
  "prompt_style": "mixed",
  "real": {
    "correlation_pressure_latency": 0.882622923726778,
    "high_low_p95_ratio": 1.5972000505903228,
    "high_pressure_count": 1936,
    "high_pressure_p95_ms": 1175.0036338344216,
    "latency_p50_ms": 731.0095401480794,
    "latency_p95_ms": 1168.333019129932,
    "latency_p99_ms": 1192.8826328366995,
    "low_pressure_count": 3224,
    "low_pressure_p95_ms": 735.6646610423923,
    "output_tokens": 660480,
    "requests": 5160,
    "slo_ms": 1000.0,
    "slo_violation_count": 1912,
    "slo_violation_rate": 0.3705426356589147,
    "sync_active_count": 1088,
    "sync_active_p95_ms": 1168.6509354040027,
    "sync_inactive_count": 4072,
    "sync_inactive_p95_ms": 1168.312889058143,
    "sync_inactive_p95_ratio": 1.0002893457300914,
    "tokens_per_sec": 1151.2480831575017
  },
  "simulator": {
    "correlation_pressure_latency": 0.9254125048586194,
    "high_low_p95_ratio": 1.685056394658439,
    "high_pressure_count": 2598,
    "high_pressure_p95_ms": 150.83309906526702,
    "latency_p50_ms": 98.13771413750021,
    "latency_p95_ms": 144.30514169479844,
    "latency_p99_ms": 155.27194954607307,
    "low_pressure_count": 2562,
    "low_pressure_p95_ms": 89.5121964721192,
    "output_tokens": null,
    "requests": 5160,
    "slo_ms": 1000.0,
    "slo_violation_count": 0,
    "slo_violation_rate": 0.0,
    "sync_active_count": 1173,
    "sync_active_p95_ms": 154.3589903819544,
    "sync_inactive_count": 3987,
    "sync_inactive_p95_ms": 143.9784011026677,
    "sync_inactive_p95_ratio": 1.0720982397344763,
    "tokens_per_sec": null
  },
  "slo_ms": 1000.0,
  "stress_enabled": true,
  "stress_matmul_size": 6144,
  "stress_mode": "pressure",
  "stress_steps": 20,
  "sync_event_count": 8,
  "sync_events_jsonl": "workspaces/stage4/pressure-gate-s23/events/coordinator.jsonl",
  "sync_events_repeat": true,
  "sync_period_sec": 37.0,
  "sync_trace_duration_sec": 288.387,
  "sync_window_sec": 8.0
}
