{
  "backend": "vllm",
  "concurrency": 4,
  "duration_sec": 1200.0,
  "max_new_tokens": 128,
  "model": "Qwen/Qwen2.5-7B-Instruct",
  "period_sec": 90.0,
  "prompt_style": "long",
  "real": {
    "correlation_pressure_latency": 0.774519816221773,
    "high_low_p95_ratio": 1.004596267000519,
    "high_pressure_count": 1484,
    "high_pressure_p95_ms": 1712.674280628562,
    "latency_p50_ms": 762.3226568102837,
    "latency_p95_ms": 1710.8562430366874,
    "latency_p99_ms": 1713.7360898777843,
    "low_pressure_count": 2552,
    "low_pressure_p95_ms": 1704.8383882036433,
    "output_tokens": 516608,
    "requests": 4036,
    "sync_active_count": 592,
    "sync_active_p95_ms": 1711.5643420256674,
    "sync_inactive_count": 3444,
    "sync_inactive_p95_ms": 1710.704336874187,
    "sync_inactive_p95_ratio": 1.0005027199223986,
    "tokens_per_sec": 440.1795235875191
  },
  "simulator": {
    "correlation_pressure_latency": 0.9111872349101007,
    "high_low_p95_ratio": 1.7088216558868081,
    "high_pressure_count": 2178,
    "high_pressure_p95_ms": 153.24933384769983,
    "latency_p50_ms": 101.33775419755125,
    "latency_p95_ms": 146.70330563280731,
    "latency_p99_ms": 156.13112950422183,
    "low_pressure_count": 1858,
    "low_pressure_p95_ms": 89.68129197085212,
    "output_tokens": null,
    "requests": 4036,
    "sync_active_count": 915,
    "sync_active_p95_ms": 155.47657904761758,
    "sync_inactive_count": 3121,
    "sync_inactive_p95_ms": 145.00061009275132,
    "sync_inactive_p95_ratio": 1.072247757772641,
    "tokens_per_sec": null
  },
  "stress_enabled": true,
  "stress_matmul_size": 6144,
  "stress_mode": "both",
  "stress_steps": 16,
  "sync_period_sec": 37.0,
  "sync_window_sec": 8.0
}
