{
  "backend": "vllm",
  "concurrency": 8,
  "duration_sec": 600.0,
  "max_new_tokens": 128,
  "model": "Qwen/Qwen2.5-1.5B-Instruct",
  "period_sec": 90.0,
  "prompt_style": "mixed",
  "real": {
    "correlation_pressure_latency": 0.88353531038262,
    "high_low_p95_ratio": 1.6007425040594918,
    "high_pressure_count": 1960,
    "high_pressure_p95_ms": 1183.3825721405447,
    "latency_p50_ms": 736.2289503216743,
    "latency_p95_ms": 1168.3797989971936,
    "latency_p99_ms": 1201.1023829691112,
    "low_pressure_count": 3208,
    "low_pressure_p95_ms": 739.2710377462208,
    "output_tokens": 661504,
    "requests": 5168,
    "slo_ms": 1000.0,
    "slo_violation_count": 1936,
    "slo_violation_rate": 0.3746130030959752,
    "sync_active_count": 1312,
    "sync_active_p95_ms": 1171.884308103472,
    "sync_inactive_count": 3856,
    "sync_inactive_p95_ms": 1168.0100550875068,
    "sync_inactive_p95_ratio": 1.003316968890028,
    "tokens_per_sec": 1144.6329312582127
  },
  "simulator": {
    "correlation_pressure_latency": 0.9254045961517152,
    "high_low_p95_ratio": 1.6859919008175361,
    "high_pressure_count": 2597,
    "high_pressure_p95_ms": 151.13822431045554,
    "latency_p50_ms": 97.94588854773852,
    "latency_p95_ms": 144.31743631224515,
    "latency_p99_ms": 155.15754979223473,
    "low_pressure_count": 2571,
    "low_pressure_p95_ms": 89.64350554541141,
    "output_tokens": null,
    "requests": 5168,
    "slo_ms": 1000.0,
    "slo_violation_count": 0,
    "slo_violation_rate": 0.0,
    "sync_active_count": 1171,
    "sync_active_p95_ms": 154.30219722260512,
    "sync_inactive_count": 3997,
    "sync_inactive_p95_ms": 143.86969567153037,
    "sync_inactive_p95_ratio": 1.07251354430396,
    "tokens_per_sec": null
  },
  "slo_ms": 1000.0,
  "stress_enabled": true,
  "stress_matmul_size": 6144,
  "stress_mode": "pressure",
  "stress_steps": 20,
  "sync_event_count": 14,
  "sync_events_jsonl": "workspaces/stage2/fixed-h-256-s31/events/coordinator.jsonl",
  "sync_events_repeat": true,
  "sync_period_sec": 37.0,
  "sync_trace_duration_sec": 412.008,
  "sync_window_sec": 8.0
}
