{
  "backend": "vllm",
  "concurrency": 8,
  "duration_sec": 600.0,
  "max_new_tokens": 128,
  "model": "Qwen/Qwen2.5-1.5B-Instruct",
  "period_sec": 90.0,
  "prompt_style": "mixed",
  "real": {
    "correlation_pressure_latency": -0.024660586091079146,
    "high_low_p95_ratio": 0.993146761309344,
    "high_pressure_count": 2936,
    "high_pressure_p95_ms": 1177.119123749435,
    "latency_p50_ms": 731.6610340494663,
    "latency_p95_ms": 1185.048148036003,
    "latency_p99_ms": 1263.1183550693095,
    "low_pressure_count": 3000,
    "low_pressure_p95_ms": 1185.2418691851199,
    "output_tokens": 759808,
    "requests": 5936,
    "slo_ms": 1000.0,
    "slo_violation_count": 624,
    "slo_violation_rate": 0.10512129380053908,
    "sync_active_count": 656,
    "sync_active_p95_ms": 1270.5674399621785,
    "sync_inactive_count": 5280,
    "sync_inactive_p95_ms": 739.2379472963512,
    "sync_inactive_p95_ratio": 1.7187530004501026,
    "tokens_per_sec": 1311.2433004867587
  },
  "simulator": {
    "correlation_pressure_latency": 0.9253869347937579,
    "high_low_p95_ratio": 1.6794290741611988,
    "high_pressure_count": 2984,
    "high_pressure_p95_ms": 150.6617428631994,
    "latency_p50_ms": 98.13793274763107,
    "latency_p95_ms": 144.31323441631113,
    "latency_p99_ms": 155.0316217537433,
    "low_pressure_count": 2952,
    "low_pressure_p95_ms": 89.71009563976278,
    "output_tokens": null,
    "requests": 5936,
    "slo_ms": 1000.0,
    "slo_violation_count": 0,
    "slo_violation_rate": 0.0,
    "sync_active_count": 1346,
    "sync_active_p95_ms": 154.55275378291134,
    "sync_inactive_count": 4590,
    "sync_inactive_p95_ms": 143.97247745384936,
    "sync_inactive_p95_ratio": 1.073488186882479,
    "tokens_per_sec": null
  },
  "slo_ms": 1000.0,
  "stress_enabled": true,
  "stress_matmul_size": 6144,
  "stress_mode": "sync",
  "stress_steps": 20,
  "sync_event_count": 8,
  "sync_events_jsonl": "workspaces/stage5/fixed-h-512-s37/events/coordinator.jsonl",
  "sync_events_repeat": true,
  "sync_period_sec": 37.0,
  "sync_trace_duration_sec": 375.058,
  "sync_window_sec": 8.0
}
