{
  "backend": "vllm",
  "concurrency": 8,
  "duration_sec": 600.0,
  "max_new_tokens": 128,
  "model": "Qwen/Qwen2.5-1.5B-Instruct",
  "period_sec": 90.0,
  "prompt_style": "mixed",
  "real": {
    "correlation_pressure_latency": 0.013535272214066118,
    "high_low_p95_ratio": 1.0226894193830869,
    "high_pressure_count": 3024,
    "high_pressure_p95_ms": 1179.3896570103234,
    "latency_p50_ms": 723.6598837189376,
    "latency_p95_ms": 1163.064995314926,
    "latency_p99_ms": 1242.5446580164135,
    "low_pressure_count": 3120,
    "low_pressure_p95_ms": 1153.2236812636256,
    "output_tokens": 786432,
    "requests": 6144,
    "slo_ms": 1000.0,
    "slo_violation_count": 416,
    "slo_violation_rate": 0.06770833333333333,
    "sync_active_count": 432,
    "sync_active_p95_ms": 1271.168053150177,
    "sync_inactive_count": 5712,
    "sync_inactive_p95_ms": 731.1273813247681,
    "sync_inactive_p95_ratio": 1.738641016079689,
    "tokens_per_sec": 1355.1854011606774
  },
  "simulator": {
    "correlation_pressure_latency": 0.9256596230317037,
    "high_low_p95_ratio": 1.6807684567990322,
    "high_pressure_count": 3088,
    "high_pressure_p95_ms": 150.51833123928776,
    "latency_p50_ms": 97.96882911208182,
    "latency_p95_ms": 144.26297185629412,
    "latency_p99_ms": 155.15408139399085,
    "low_pressure_count": 3056,
    "low_pressure_p95_ms": 89.55328179227313,
    "output_tokens": null,
    "requests": 6144,
    "slo_ms": 1000.0,
    "slo_violation_count": 0,
    "slo_violation_rate": 0.0,
    "sync_active_count": 1393,
    "sync_active_p95_ms": 154.38064030714037,
    "sync_inactive_count": 4751,
    "sync_inactive_p95_ms": 143.8099086862518,
    "sync_inactive_p95_ratio": 1.073504890709239,
    "tokens_per_sec": null
  },
  "slo_ms": 1000.0,
  "stress_enabled": true,
  "stress_matmul_size": 6144,
  "stress_mode": "sync",
  "stress_steps": 20,
  "sync_event_count": 8,
  "sync_events_jsonl": "workspaces/stage2/wa-current-s29/events/coordinator.jsonl",
  "sync_events_repeat": true,
  "sync_period_sec": 37.0,
  "sync_trace_duration_sec": 526.672,
  "sync_window_sec": 8.0
}
