{
  "backend": "vllm",
  "concurrency": 8,
  "duration_sec": 600.0,
  "max_new_tokens": 128,
  "model": "Qwen/Qwen2.5-1.5B-Instruct",
  "period_sec": 90.0,
  "prompt_style": "mixed",
  "real": {
    "correlation_pressure_latency": -0.07642823500336848,
    "high_low_p95_ratio": 1.0036433726034995,
    "high_pressure_count": 2856,
    "high_pressure_p95_ms": 1275.9158066473901,
    "latency_p50_ms": 721.6004224028438,
    "latency_p95_ms": 1273.5079257981852,
    "latency_p99_ms": 1299.7625095257536,
    "low_pressure_count": 2744,
    "low_pressure_p95_ms": 1271.2840451858938,
    "output_tokens": 716800,
    "requests": 5600,
    "slo_ms": 1000.0,
    "slo_violation_count": 1120,
    "slo_violation_rate": 0.2,
    "sync_active_count": 1112,
    "sync_active_p95_ms": 1299.955199030228,
    "sync_inactive_count": 4488,
    "sync_inactive_p95_ms": 747.1909979358315,
    "sync_inactive_p95_ratio": 1.7397896958360672,
    "tokens_per_sec": 1237.6749829384598
  },
  "simulator": {
    "correlation_pressure_latency": 0.92547348037656,
    "high_low_p95_ratio": 1.6757590571146013,
    "high_pressure_count": 2814,
    "high_pressure_p95_ms": 150.660563216903,
    "latency_p50_ms": 98.00378887956555,
    "latency_p95_ms": 143.9865261127704,
    "latency_p99_ms": 155.26467526415155,
    "low_pressure_count": 2786,
    "low_pressure_p95_ms": 89.90586240740197,
    "output_tokens": null,
    "requests": 5600,
    "slo_ms": 1000.0,
    "slo_violation_count": 0,
    "slo_violation_rate": 0.0,
    "sync_active_count": 1275,
    "sync_active_p95_ms": 154.6068029294505,
    "sync_inactive_count": 4325,
    "sync_inactive_p95_ms": 143.61146368178217,
    "sync_inactive_p95_ratio": 1.076563102734139,
    "tokens_per_sec": null
  },
  "slo_ms": 1000.0,
  "stress_enabled": true,
  "stress_matmul_size": 6144,
  "stress_mode": "sync",
  "stress_steps": 20,
  "sync_event_count": 14,
  "sync_events_jsonl": "workspaces/stage2/fixed-h-256-s23/events/coordinator.jsonl",
  "sync_events_repeat": true,
  "sync_period_sec": 37.0,
  "sync_trace_duration_sec": 358.515,
  "sync_window_sec": 8.0
}
