{
  "backend": "vllm",
  "concurrency": 8,
  "duration_sec": 600.0,
  "max_new_tokens": 128,
  "model": "Qwen/Qwen2.5-1.5B-Instruct",
  "period_sec": 90.0,
  "prompt_style": "mixed",
  "real": {
    "correlation_pressure_latency": 0.8800298494474521,
    "high_low_p95_ratio": 1.8062509647829201,
    "high_pressure_count": 1760,
    "high_pressure_p95_ms": 1337.204664829187,
    "latency_p50_ms": 736.5671510342509,
    "latency_p95_ms": 1333.8109137956055,
    "latency_p99_ms": 1338.790852110833,
    "low_pressure_count": 3184,
    "low_pressure_p95_ms": 740.3205262729898,
    "output_tokens": 632832,
    "requests": 4944,
    "slo_ms": 1000.0,
    "slo_violation_count": 1744,
    "slo_violation_rate": 0.35275080906148865,
    "sync_active_count": 1456,
    "sync_active_p95_ms": 1335.3001358918846,
    "sync_inactive_count": 3488,
    "sync_inactive_p95_ms": 1333.0892878584564,
    "sync_inactive_p95_ratio": 1.0016584395760766,
    "tokens_per_sec": 1095.0932934095292
  },
  "simulator": {
    "correlation_pressure_latency": 0.9251709525711598,
    "high_low_p95_ratio": 1.6781596557106029,
    "high_pressure_count": 2485,
    "high_pressure_p95_ms": 150.55158927573743,
    "latency_p50_ms": 97.80661585255712,
    "latency_p95_ms": 144.2768077635193,
    "latency_p99_ms": 155.6695117322719,
    "low_pressure_count": 2459,
    "low_pressure_p95_ms": 89.71231596673536,
    "output_tokens": null,
    "requests": 4944,
    "slo_ms": 1000.0,
    "slo_violation_count": 0,
    "slo_violation_rate": 0.0,
    "sync_active_count": 1121,
    "sync_active_p95_ms": 154.76853577509084,
    "sync_inactive_count": 3823,
    "sync_inactive_p95_ms": 143.82724173911686,
    "sync_inactive_p95_ratio": 1.0760724735013691,
    "tokens_per_sec": null
  },
  "slo_ms": 1000.0,
  "stress_enabled": true,
  "stress_matmul_size": 6144,
  "stress_mode": "pressure",
  "stress_steps": 20,
  "sync_event_count": 14,
  "sync_events_jsonl": "workspaces/stage5/fixed-h-256-s37/events/coordinator.jsonl",
  "sync_events_repeat": true,
  "sync_period_sec": 37.0,
  "sync_trace_duration_sec": 362.308,
  "sync_window_sec": 8.0
}
