{
  "backend": "vllm",
  "concurrency": 8,
  "duration_sec": 600.0,
  "max_new_tokens": 128,
  "model": "Qwen/Qwen2.5-1.5B-Instruct",
  "period_sec": 90.0,
  "prompt_style": "mixed",
  "real": {
    "correlation_pressure_latency": -0.072109350663874,
    "high_low_p95_ratio": 0.9275312657380803,
    "high_pressure_count": 2888,
    "high_pressure_p95_ms": 1073.8225081004202,
    "latency_p50_ms": 786.3298933953047,
    "latency_p95_ms": 1156.7156817764044,
    "latency_p99_ms": 1159.5672369003296,
    "low_pressure_count": 2928,
    "low_pressure_p95_ms": 1157.721090130508,
    "output_tokens": 744448,
    "requests": 5816,
    "slo_ms": 1000.0,
    "slo_violation_count": 424,
    "slo_violation_rate": 0.07290233837689133,
    "sync_active_count": 448,
    "sync_active_p95_ms": 1160.24586930871,
    "sync_inactive_count": 5368,
    "sync_inactive_p95_ms": 798.1350519694388,
    "sync_inactive_p95_ratio": 1.453696171400748,
    "tokens_per_sec": 1285.7165143321547
  },
  "simulator": {
    "correlation_pressure_latency": 0.9253541535981613,
    "high_low_p95_ratio": 1.6791924865471903,
    "high_pressure_count": 2924,
    "high_pressure_p95_ms": 150.49725588793004,
    "latency_p50_ms": 98.1294605312413,
    "latency_p95_ms": 144.1878943484031,
    "latency_p99_ms": 155.26928110541323,
    "low_pressure_count": 2892,
    "low_pressure_p95_ms": 89.62477922789384,
    "output_tokens": null,
    "requests": 5816,
    "slo_ms": 1000.0,
    "slo_violation_count": 0,
    "slo_violation_rate": 0.0,
    "sync_active_count": 1323,
    "sync_active_p95_ms": 154.63406667304523,
    "sync_inactive_count": 4493,
    "sync_inactive_p95_ms": 143.79949363231196,
    "sync_inactive_p95_ratio": 1.0753450013421932,
    "tokens_per_sec": null
  },
  "slo_ms": 1000.0,
  "stress_enabled": true,
  "stress_matmul_size": 6144,
  "stress_mode": "sync",
  "stress_steps": 20,
  "sync_event_count": 8,
  "sync_events_jsonl": "workspaces/stage7/random-matched-s37/events/coordinator.jsonl",
  "sync_events_repeat": true,
  "sync_period_sec": 37.0,
  "sync_trace_duration_sec": 579.497,
  "sync_window_sec": 8.0
}
