{
  "backend": "vllm",
  "concurrency": 8,
  "duration_sec": 600.0,
  "max_new_tokens": 128,
  "model": "Qwen/Qwen2.5-1.5B-Instruct",
  "period_sec": 90.0,
  "prompt_style": "mixed",
  "real": {
    "correlation_pressure_latency": 0.8786767895984704,
    "high_low_p95_ratio": 1.7908978552705226,
    "high_pressure_count": 1776,
    "high_pressure_p95_ms": 1314.037929289043,
    "latency_p50_ms": 729.4360511004925,
    "latency_p95_ms": 1305.7831679470837,
    "latency_p99_ms": 1319.8900860734284,
    "low_pressure_count": 3240,
    "low_pressure_p95_ms": 733.731365762651,
    "output_tokens": 642048,
    "requests": 5016,
    "slo_ms": 1000.0,
    "slo_violation_count": 1784,
    "slo_violation_rate": 0.35566188197767146,
    "sync_active_count": 1192,
    "sync_active_p95_ms": 1305.984967853874,
    "sync_inactive_count": 3824,
    "sync_inactive_p95_ms": 1305.7822975562885,
    "sync_inactive_p95_ratio": 1.0001552098676516,
    "tokens_per_sec": 1114.4918733374664
  },
  "simulator": {
    "correlation_pressure_latency": 0.9251922500134886,
    "high_low_p95_ratio": 1.676621385942821,
    "high_pressure_count": 2520,
    "high_pressure_p95_ms": 150.908197221337,
    "latency_p50_ms": 97.70165663515735,
    "latency_p95_ms": 144.1974114022592,
    "latency_p99_ms": 155.3658424758735,
    "low_pressure_count": 2496,
    "low_pressure_p95_ms": 90.00731977212386,
    "output_tokens": null,
    "requests": 5016,
    "slo_ms": 1000.0,
    "slo_violation_count": 0,
    "slo_violation_rate": 0.0,
    "sync_active_count": 1139,
    "sync_active_p95_ms": 154.88460804439185,
    "sync_inactive_count": 3877,
    "sync_inactive_p95_ms": 143.75283844991392,
    "sync_inactive_p95_ratio": 1.0774368681308262,
    "tokens_per_sec": null
  },
  "slo_ms": 1000.0,
  "stress_enabled": true,
  "stress_matmul_size": 6144,
  "stress_mode": "pressure",
  "stress_steps": 20,
  "sync_event_count": 8,
  "sync_events_jsonl": "workspaces/stage4/pressure-gate-s31/events/coordinator.jsonl",
  "sync_events_repeat": true,
  "sync_period_sec": 37.0,
  "sync_trace_duration_sec": 267.502,
  "sync_window_sec": 8.0
}
