{
  "backend": "vllm",
  "concurrency": 8,
  "duration_sec": 1200.0,
  "max_new_tokens": 128,
  "model": "Qwen/Qwen2.5-1.5B-Instruct",
  "period_sec": 90.0,
  "prompt_style": "mixed",
  "real": {
    "correlation_pressure_latency": 0.8978639181812537,
    "high_low_p95_ratio": 1.5461202910497474,
    "high_pressure_count": 4376,
    "high_pressure_p95_ms": 1158.8859329931438,
    "latency_p50_ms": 748.2961886562407,
    "latency_p95_ms": 1158.1582617713138,
    "latency_p99_ms": 1160.7293440029025,
    "low_pressure_count": 5864,
    "low_pressure_p95_ms": 749.5444822125137,
    "output_tokens": 1310720,
    "requests": 10240,
    "sync_active_count": 2216,
    "sync_active_p95_ms": 1158.0014019273221,
    "sync_inactive_count": 8024,
    "sync_inactive_p95_ms": 1158.2276858389378,
    "sync_inactive_p95_ratio": 0.9998046291636936,
    "tokens_per_sec": 1113.3597860662558
  },
  "simulator": {
    "correlation_pressure_latency": 0.9108956405652536,
    "high_low_p95_ratio": 1.7093305124836335,
    "high_pressure_count": 5528,
    "high_pressure_p95_ms": 153.3095694942102,
    "latency_p50_ms": 101.14724794845873,
    "latency_p95_ms": 146.40541255750298,
    "latency_p99_ms": 156.2149046302985,
    "low_pressure_count": 4712,
    "low_pressure_p95_ms": 89.68983375336435,
    "output_tokens": null,
    "requests": 10240,
    "sync_active_count": 2325,
    "sync_active_p95_ms": 155.68535264937358,
    "sync_inactive_count": 7915,
    "sync_inactive_p95_ms": 144.82034808238234,
    "sync_inactive_p95_ratio": 1.0750240191441232,
    "tokens_per_sec": null
  },
  "stress_enabled": true,
  "stress_matmul_size": 6144,
  "stress_mode": "pressure",
  "stress_steps": 20,
  "sync_period_sec": 37.0,
  "sync_window_sec": 8.0
}
