{
  "backend": "vllm",
  "concurrency": 8,
  "duration_sec": 600.0,
  "max_new_tokens": 128,
  "model": "Qwen/Qwen2.5-1.5B-Instruct",
  "period_sec": 90.0,
  "prompt_style": "mixed",
  "real": {
    "correlation_pressure_latency": 0.8786595249781235,
    "high_low_p95_ratio": 1.7059381230302366,
    "high_pressure_count": 1952,
    "high_pressure_p95_ms": 1246.0788302123547,
    "latency_p50_ms": 727.4585054256022,
    "latency_p95_ms": 1212.1964422985911,
    "latency_p99_ms": 1269.2515859380364,
    "low_pressure_count": 3248,
    "low_pressure_p95_ms": 730.4361239075661,
    "output_tokens": 665600,
    "requests": 5200,
    "slo_ms": 1000.0,
    "slo_violation_count": 1936,
    "slo_violation_rate": 0.3723076923076923,
    "sync_active_count": 1152,
    "sync_active_p95_ms": 1213.6636339128017,
    "sync_inactive_count": 4048,
    "sync_inactive_p95_ms": 1209.91845196113,
    "sync_inactive_p95_ratio": 1.0030954003103278,
    "tokens_per_sec": 1148.8541585402045
  },
  "simulator": {
    "correlation_pressure_latency": 0.9254754745778061,
    "high_low_p95_ratio": 1.678586578305766,
    "high_pressure_count": 2610,
    "high_pressure_p95_ms": 150.8009690609657,
    "latency_p50_ms": 97.77740065492605,
    "latency_p95_ms": 144.2779963746203,
    "latency_p99_ms": 155.22389713905568,
    "low_pressure_count": 2590,
    "low_pressure_p95_ms": 89.83806436315749,
    "output_tokens": null,
    "requests": 5200,
    "slo_ms": 1000.0,
    "slo_violation_count": 0,
    "slo_violation_rate": 0.0,
    "sync_active_count": 1190,
    "sync_active_p95_ms": 154.60746992907434,
    "sync_inactive_count": 4010,
    "sync_inactive_p95_ms": 143.73150375714638,
    "sync_inactive_p95_ratio": 1.0756686313551993,
    "tokens_per_sec": null
  },
  "slo_ms": 1000.0,
  "stress_enabled": true,
  "stress_matmul_size": 6144,
  "stress_mode": "pressure",
  "stress_steps": 20,
  "sync_event_count": 8,
  "sync_events_jsonl": "workspaces/stage4/pressure-gate-s29/events/coordinator.jsonl",
  "sync_events_repeat": true,
  "sync_period_sec": 37.0,
  "sync_trace_duration_sec": 300.774,
  "sync_window_sec": 8.0
}
