{
  "backend": "vllm",
  "concurrency": 8,
  "duration_sec": 600.0,
  "max_new_tokens": 128,
  "model": "Qwen/Qwen2.5-1.5B-Instruct",
  "period_sec": 90.0,
  "prompt_style": "mixed",
  "real": {
    "correlation_pressure_latency": -0.02778078155599717,
    "high_low_p95_ratio": 1.0000559773628994,
    "high_pressure_count": 2880,
    "high_pressure_p95_ms": 1323.4421516302973,
    "latency_p50_ms": 725.0506079290062,
    "latency_p95_ms": 1323.4216631390154,
    "latency_p99_ms": 1329.4578487984836,
    "low_pressure_count": 2896,
    "low_pressure_p95_ms": 1323.368072975427,
    "output_tokens": 739328,
    "requests": 5776,
    "slo_ms": 1000.0,
    "slo_violation_count": 744,
    "slo_violation_rate": 0.12880886426592797,
    "sync_active_count": 736,
    "sync_active_p95_ms": 1331.343405880034,
    "sync_inactive_count": 5040,
    "sync_inactive_p95_ms": 730.4313420318067,
    "sync_inactive_p95_ratio": 1.8226811053544036,
    "tokens_per_sec": 1282.2783836895742
  },
  "simulator": {
    "correlation_pressure_latency": 0.9256313617672969,
    "high_low_p95_ratio": 1.6807419221391067,
    "high_pressure_count": 2903,
    "high_pressure_p95_ms": 151.09417873949084,
    "latency_p50_ms": 98.07902927665776,
    "latency_p95_ms": 144.12179389965664,
    "latency_p99_ms": 155.02401818769303,
    "low_pressure_count": 2873,
    "low_pressure_p95_ms": 89.89731067527066,
    "output_tokens": null,
    "requests": 5776,
    "slo_ms": 1000.0,
    "slo_violation_count": 0,
    "slo_violation_rate": 0.0,
    "sync_active_count": 1310,
    "sync_active_p95_ms": 154.11523217213426,
    "sync_inactive_count": 4466,
    "sync_inactive_p95_ms": 143.7840981754191,
    "sync_inactive_p95_ratio": 1.0718517146736977,
    "tokens_per_sec": null
  },
  "slo_ms": 1000.0,
  "stress_enabled": true,
  "stress_matmul_size": 6144,
  "stress_mode": "sync",
  "stress_steps": 20,
  "sync_event_count": 8,
  "sync_events_jsonl": "workspaces/stage5/pressure-gate-s37/events/coordinator.jsonl",
  "sync_events_repeat": true,
  "sync_period_sec": 37.0,
  "sync_trace_duration_sec": 303.347,
  "sync_window_sec": 8.0
}
