{
  "backend": "vllm",
  "concurrency": 8,
  "duration_sec": 600.0,
  "max_new_tokens": 128,
  "model": "Qwen/Qwen2.5-1.5B-Instruct",
  "period_sec": 90.0,
  "prompt_style": "mixed",
  "real": {
    "correlation_pressure_latency": -0.01871813772503614,
    "high_low_p95_ratio": 1.0002054445638373,
    "high_pressure_count": 2840,
    "high_pressure_p95_ms": 1155.2733080461621,
    "latency_p50_ms": 761.2267939839512,
    "latency_p95_ms": 1155.058478936553,
    "latency_p99_ms": 1157.2451195679605,
    "low_pressure_count": 2856,
    "low_pressure_p95_ms": 1155.0360121764243,
    "output_tokens": 729088,
    "requests": 5696,
    "slo_ms": 1000.0,
    "slo_violation_count": 712,
    "slo_violation_rate": 0.125,
    "sync_active_count": 720,
    "sync_active_p95_ms": 1157.7408812008798,
    "sync_inactive_count": 4976,
    "sync_inactive_p95_ms": 827.6962633244693,
    "sync_inactive_p95_ratio": 1.398750885440482,
    "tokens_per_sec": 1252.3847790449945
  },
  "simulator": {
    "correlation_pressure_latency": 0.9256125216859142,
    "high_low_p95_ratio": 1.6737176003554102,
    "high_pressure_count": 2861,
    "high_pressure_p95_ms": 150.27066110663776,
    "latency_p50_ms": 97.90637818748783,
    "latency_p95_ms": 144.15817770080375,
    "latency_p99_ms": 155.27128421737274,
    "low_pressure_count": 2835,
    "low_pressure_p95_ms": 89.78256611194632,
    "output_tokens": null,
    "requests": 5696,
    "slo_ms": 1000.0,
    "slo_violation_count": 0,
    "slo_violation_rate": 0.0,
    "sync_active_count": 1291,
    "sync_active_p95_ms": 154.72396969258327,
    "sync_inactive_count": 4405,
    "sync_inactive_p95_ms": 143.75801127285433,
    "sync_inactive_p95_ratio": 1.076280676969824,
    "tokens_per_sec": null
  },
  "slo_ms": 1000.0,
  "stress_enabled": true,
  "stress_matmul_size": 6144,
  "stress_mode": "sync",
  "stress_steps": 20,
  "sync_event_count": 8,
  "sync_events_jsonl": "workspaces/stage4/fixed-h-512-s31/events/coordinator.jsonl",
  "sync_events_repeat": true,
  "sync_period_sec": 37.0,
  "sync_trace_duration_sec": 354.143,
  "sync_window_sec": 8.0
}
