{
  "backend": "vllm",
  "concurrency": 8,
  "duration_sec": 600.0,
  "max_new_tokens": 128,
  "model": "Qwen/Qwen2.5-1.5B-Instruct",
  "period_sec": 90.0,
  "prompt_style": "mixed",
  "real": {
    "correlation_pressure_latency": 0.8791237217624862,
    "high_low_p95_ratio": 1.7568843836215893,
    "high_pressure_count": 1856,
    "high_pressure_p95_ms": 1288.6344967409968,
    "latency_p50_ms": 730.0910947378725,
    "latency_p95_ms": 1276.2630200013518,
    "latency_p99_ms": 1298.7360139377415,
    "low_pressure_count": 3216,
    "low_pressure_p95_ms": 733.4771193563938,
    "output_tokens": 649216,
    "requests": 5072,
    "slo_ms": 1000.0,
    "slo_violation_count": 1824,
    "slo_violation_rate": 0.35962145110410093,
    "sync_active_count": 600,
    "sync_active_p95_ms": 1266.4239550940692,
    "sync_inactive_count": 4472,
    "sync_inactive_p95_ms": 1277.5656395358965,
    "sync_inactive_p95_ratio": 0.9912789729959591,
    "tokens_per_sec": 1124.503873217761
  },
  "simulator": {
    "correlation_pressure_latency": 0.9252324535748486,
    "high_low_p95_ratio": 1.679815583888308,
    "high_pressure_count": 2551,
    "high_pressure_p95_ms": 151.05410714932657,
    "latency_p50_ms": 97.81208661428683,
    "latency_p95_ms": 144.14480224289872,
    "latency_p99_ms": 155.5948353484405,
    "low_pressure_count": 2521,
    "low_pressure_p95_ms": 89.92303000289957,
    "output_tokens": null,
    "requests": 5072,
    "slo_ms": 1000.0,
    "slo_violation_count": 0,
    "slo_violation_rate": 0.0,
    "sync_active_count": 1150,
    "sync_active_p95_ms": 154.97062025568238,
    "sync_inactive_count": 3922,
    "sync_inactive_p95_ms": 143.6789838987282,
    "sync_inactive_p95_ratio": 1.0785893388897645,
    "tokens_per_sec": null
  },
  "slo_ms": 1000.0,
  "stress_enabled": true,
  "stress_matmul_size": 6144,
  "stress_mode": "pressure",
  "stress_steps": 20,
  "sync_event_count": 8,
  "sync_events_jsonl": "workspaces/stage7/random-matched-s37/events/coordinator.jsonl",
  "sync_events_repeat": true,
  "sync_period_sec": 37.0,
  "sync_trace_duration_sec": 579.497,
  "sync_window_sec": 8.0
}
