{
  "backend": "vllm",
  "concurrency": 1,
  "duration_sec": 1800.0,
  "max_new_tokens": 32,
  "model": "Qwen/Qwen2.5-0.5B-Instruct",
  "period_sec": 90.0,
  "prompt_style": "short",
  "real": {
    "correlation_pressure_latency": 0.046382380401063135,
    "high_low_p95_ratio": 1.0046854518950477,
    "high_pressure_count": 6846,
    "high_pressure_p95_ms": 153.27990555670112,
    "latency_p50_ms": 150.203594006598,
    "latency_p95_ms": 152.72662981878966,
    "latency_p99_ms": 154.35727910604328,
    "low_pressure_count": 5894,
    "low_pressure_p95_ms": 152.56506926380098,
    "output_tokens": 375830,
    "requests": 12740,
    "sync_active_count": 2733,
    "sync_active_p95_ms": 152.8270441107452,
    "sync_inactive_count": 10007,
    "sync_inactive_p95_ms": 152.69779809750617,
    "sync_inactive_p95_ratio": 1.000846417006986,
    "tokens_per_sec": 211.3763102645108
  },
  "simulator": {
    "correlation_pressure_latency": 0.906011209546108,
    "high_low_p95_ratio": 1.717885842585709,
    "high_pressure_count": 6935,
    "high_pressure_p95_ms": 153.8028142618948,
    "latency_p50_ms": 101.26681872987183,
    "latency_p95_ms": 148.3486626570732,
    "latency_p99_ms": 156.03667827974974,
    "low_pressure_count": 5805,
    "low_pressure_p95_ms": 89.53028801401351,
    "output_tokens": null,
    "requests": 12740,
    "sync_active_count": 2840,
    "sync_active_p95_ms": 155.82107329258915,
    "sync_inactive_count": 9900,
    "sync_inactive_p95_ms": 145.2568159403437,
    "sync_inactive_p95_ratio": 1.0727281352262612,
    "tokens_per_sec": null
  },
  "stress_enabled": true,
  "stress_matmul_size": 4096,
  "stress_mode": "both",
  "stress_steps": 8,
  "sync_period_sec": 37.0,
  "sync_window_sec": 8.0
}
