{
  "backend": "vllm",
  "burst_period_sec": 120.0,
  "burst_phase_sec": 0.0,
  "burst_window_sec": 30.0,
  "busy_concurrency": 12,
  "concurrency": 8,
  "duration_sec": 600.0,
  "load_profile": "bursty",
  "max_new_tokens": 128,
  "model": "Qwen/Qwen2.5-1.5B-Instruct",
  "period_sec": 120.0,
  "prompt_style": "mixed",
  "quiet_concurrency": 4,
  "real": {
    "correlation_pressure_latency": -0.051423526083804044,
    "high_low_p95_ratio": 0.5951905514109701,
    "high_pressure_count": 2112,
    "high_pressure_p95_ms": 748.8744920119643,
    "latency_p50_ms": 730.4726280272007,
    "latency_p95_ms": 1170.6237541511655,
    "latency_p99_ms": 1294.2746519111097,
    "low_pressure_count": 2344,
    "low_pressure_p95_ms": 1258.2096443511546,
    "output_tokens": 570368,
    "requests": 4456,
    "slo_ms": 1000.0,
    "slo_violation_count": 240,
    "slo_violation_rate": 0.05385996409335727,
    "sync_active_count": 232,
    "sync_active_p95_ms": 1300.6018709158525,
    "sync_inactive_count": 4224,
    "sync_inactive_p95_ms": 741.6743291541934,
    "sync_inactive_p95_ratio": 1.753602382866697,
    "tokens_per_sec": 982.5181315013712
  },
  "simulator": {
    "correlation_pressure_latency": 0.9162164936754768,
    "high_low_p95_ratio": 1.7056166927946665,
    "high_pressure_count": 2287,
    "high_pressure_p95_ms": 152.64825068428541,
    "latency_p50_ms": 99.19608890939656,
    "latency_p95_ms": 145.171070158731,
    "latency_p99_ms": 155.4646966478365,
    "low_pressure_count": 2169,
    "low_pressure_p95_ms": 89.49739488898297,
    "output_tokens": null,
    "requests": 4456,
    "slo_ms": 1000.0,
    "slo_violation_count": 0,
    "slo_violation_rate": 0.0,
    "sync_active_count": 774,
    "sync_active_p95_ms": 155.12060152222176,
    "sync_inactive_count": 3682,
    "sync_inactive_p95_ms": 144.63679902911574,
    "sync_inactive_p95_ratio": 1.0724836456799325,
    "tokens_per_sec": null
  },
  "slo_ms": 1000.0,
  "stress_enabled": true,
  "stress_matmul_size": 6144,
  "stress_mode": "sync",
  "stress_steps": 20,
  "sync_event_count": 8,
  "sync_events_jsonl": "workspaces/stage13/wa-calibrated-s41/events/coordinator.jsonl",
  "sync_events_repeat": true,
  "sync_period_sec": 37.0,
  "sync_trace_duration_sec": 525.21,
  "sync_window_sec": 8.0,
  "sync_windows_enabled": true
}
