{
  "backend": "vllm",
  "concurrency": 8,
  "duration_sec": 600.0,
  "max_new_tokens": 128,
  "model": "Qwen/Qwen2.5-1.5B-Instruct",
  "period_sec": 90.0,
  "prompt_style": "mixed",
  "real": {
    "correlation_pressure_latency": 0.06917873543831295,
    "high_low_p95_ratio": 1.0159850700390454,
    "high_pressure_count": 2920,
    "high_pressure_p95_ms": 1300.3968736156821,
    "latency_p50_ms": 726.3909911271185,
    "latency_p95_ms": 1293.0822158232331,
    "latency_p99_ms": 1313.1798719987273,
    "low_pressure_count": 3064,
    "low_pressure_p95_ms": 1279.9369911663234,
    "output_tokens": 765952,
    "requests": 5984,
    "slo_ms": 1000.0,
    "slo_violation_count": 544,
    "slo_violation_rate": 0.09090909090909091,
    "sync_active_count": 528,
    "sync_active_p95_ms": 1318.6581628397107,
    "sync_inactive_count": 5456,
    "sync_inactive_p95_ms": 734.0931813232601,
    "sync_inactive_p95_ratio": 1.7963089651135662,
    "tokens_per_sec": 1317.3920435357636
  },
  "simulator": {
    "correlation_pressure_latency": 0.9255520411003498,
    "high_low_p95_ratio": 1.672944381059416,
    "high_pressure_count": 3008,
    "high_pressure_p95_ms": 150.2492287789923,
    "latency_p50_ms": 98.05516779457471,
    "latency_p95_ms": 144.3618833933607,
    "latency_p99_ms": 155.03710795170878,
    "low_pressure_count": 2976,
    "low_pressure_p95_ms": 89.81125163518276,
    "output_tokens": null,
    "requests": 5984,
    "slo_ms": 1000.0,
    "slo_violation_count": 0,
    "slo_violation_rate": 0.0,
    "sync_active_count": 1355,
    "sync_active_p95_ms": 154.52637410048516,
    "sync_inactive_count": 4629,
    "sync_inactive_p95_ms": 143.9963466708154,
    "sync_inactive_p95_ratio": 1.0731270457419455,
    "tokens_per_sec": null
  },
  "slo_ms": 1000.0,
  "stress_enabled": true,
  "stress_matmul_size": 6144,
  "stress_mode": "sync",
  "stress_steps": 20,
  "sync_event_count": 8,
  "sync_events_jsonl": "workspaces/stage7/pressure-gate-matched-s29/events/coordinator.jsonl",
  "sync_events_repeat": true,
  "sync_period_sec": 37.0,
  "sync_trace_duration_sec": 395.056,
  "sync_window_sec": 8.0
}
