{
  "backend": "vllm",
  "concurrency": 8,
  "duration_sec": 600.0,
  "max_new_tokens": 128,
  "model": "Qwen/Qwen2.5-1.5B-Instruct",
  "period_sec": 90.0,
  "prompt_style": "mixed",
  "real": {
    "correlation_pressure_latency": -0.0015345573945300087,
    "high_low_p95_ratio": 0.9989780502577938,
    "high_pressure_count": 2912,
    "high_pressure_p95_ms": 1156.5500991418958,
    "latency_p50_ms": 741.2851059343666,
    "latency_p95_ms": 1157.1320150978863,
    "latency_p99_ms": 1196.0230320692062,
    "low_pressure_count": 2880,
    "low_pressure_p95_ms": 1157.733244332485,
    "output_tokens": 741376,
    "requests": 5792,
    "slo_ms": 1000.0,
    "slo_violation_count": 848,
    "slo_violation_rate": 0.1464088397790055,
    "sync_active_count": 872,
    "sync_active_p95_ms": 1206.9531022571027,
    "sync_inactive_count": 4920,
    "sync_inactive_p95_ms": 747.7498077787459,
    "sync_inactive_p95_ratio": 1.6141135573708258,
    "tokens_per_sec": 1274.9122896235872
  },
  "simulator": {
    "correlation_pressure_latency": 0.9254492314275484,
    "high_low_p95_ratio": 1.6800185143577873,
    "high_pressure_count": 2914,
    "high_pressure_p95_ms": 150.70945604025664,
    "latency_p50_ms": 98.23215594684353,
    "latency_p95_ms": 144.1763857571557,
    "latency_p99_ms": 154.94542488120342,
    "low_pressure_count": 2878,
    "low_pressure_p95_ms": 89.7070209359375,
    "output_tokens": null,
    "requests": 5792,
    "slo_ms": 1000.0,
    "slo_violation_count": 0,
    "slo_violation_rate": 0.0,
    "sync_active_count": 1311,
    "sync_active_p95_ms": 154.333737993304,
    "sync_inactive_count": 4481,
    "sync_inactive_p95_ms": 143.811224935484,
    "sync_inactive_p95_ratio": 1.073168927269346,
    "tokens_per_sec": null
  },
  "slo_ms": 1000.0,
  "stress_enabled": true,
  "stress_matmul_size": 6144,
  "stress_mode": "sync",
  "stress_steps": 20,
  "sync_event_count": 8,
  "sync_events_jsonl": "workspaces/stage7/pressure-gate-matched-s31/events/coordinator.jsonl",
  "sync_events_repeat": true,
  "sync_period_sec": 37.0,
  "sync_trace_duration_sec": 298.906,
  "sync_window_sec": 8.0
}
