{
  "backend": "vllm",
  "concurrency": 8,
  "duration_sec": 1800.0,
  "max_new_tokens": 96,
  "model": "Qwen/Qwen2.5-0.5B-Instruct",
  "period_sec": 90.0,
  "prompt_style": "mixed",
  "real": {
    "correlation_pressure_latency": 0.7602626347657704,
    "high_low_p95_ratio": 1.002047225629122,
    "high_pressure_count": 12792,
    "high_pressure_p95_ms": 603.1284834491089,
    "latency_p50_ms": 601.5765632037073,
    "latency_p95_ms": 602.7258187532425,
    "latency_p99_ms": 603.8880380801857,
    "low_pressure_count": 12872,
    "low_pressure_p95_ms": 601.8962659873068,
    "output_tokens": 2463744,
    "requests": 25664,
    "sync_active_count": 5120,
    "sync_active_p95_ms": 602.8082753997296,
    "sync_inactive_count": 20544,
    "sync_inactive_p95_ms": 602.7107811532915,
    "sync_inactive_p95_ratio": 1.0001617595860017,
    "tokens_per_sec": 1385.669959312837
  },
  "simulator": {
    "correlation_pressure_latency": 0.9057155248797362,
    "high_low_p95_ratio": 1.7191133740968751,
    "high_pressure_count": 13955,
    "high_pressure_p95_ms": 153.9002040018196,
    "latency_p50_ms": 101.18486250868517,
    "latency_p95_ms": 148.36325656565367,
    "latency_p99_ms": 156.0752620124802,
    "low_pressure_count": 11709,
    "low_pressure_p95_ms": 89.52301012879389,
    "output_tokens": null,
    "requests": 25664,
    "sync_active_count": 5704,
    "sync_active_p95_ms": 155.74777756470667,
    "sync_inactive_count": 19960,
    "sync_inactive_p95_ms": 145.31321218833665,
    "sync_inactive_p95_ratio": 1.0718074097959245,
    "tokens_per_sec": null
  },
  "stress_enabled": true,
  "stress_matmul_size": 4096,
  "stress_mode": "both",
  "stress_steps": 12,
  "sync_period_sec": 37.0,
  "sync_window_sec": 8.0
}
