{
  "backend": "vllm",
  "concurrency": 8,
  "duration_sec": 600.0,
  "max_new_tokens": 128,
  "model": "Qwen/Qwen2.5-1.5B-Instruct",
  "period_sec": 90.0,
  "prompt_style": "mixed",
  "real": {
    "correlation_pressure_latency": 0.006539743268593339,
    "high_low_p95_ratio": 1.1470670419198552,
    "high_pressure_count": 2904,
    "high_pressure_p95_ms": 1156.1199012212455,
    "latency_p50_ms": 752.051057992503,
    "latency_p95_ms": 1153.8694398477674,
    "latency_p99_ms": 1217.3631149344146,
    "low_pressure_count": 3048,
    "low_pressure_p95_ms": 1007.8921797685325,
    "output_tokens": 761856,
    "requests": 5952,
    "slo_ms": 1000.0,
    "slo_violation_count": 360,
    "slo_violation_rate": 0.06048387096774194,
    "sync_active_count": 384,
    "sync_active_p95_ms": 1244.157439097762,
    "sync_inactive_count": 5568,
    "sync_inactive_p95_ms": 760.2832573466003,
    "sync_inactive_p95_ratio": 1.6364393495128247,
    "tokens_per_sec": 1316.2212921826726
  },
  "simulator": {
    "correlation_pressure_latency": 0.9254048290077832,
    "high_low_p95_ratio": 1.678737176239095,
    "high_pressure_count": 2991,
    "high_pressure_p95_ms": 150.72961799870112,
    "latency_p50_ms": 98.05832068770151,
    "latency_p95_ms": 144.36249371948605,
    "latency_p99_ms": 154.99679149279854,
    "low_pressure_count": 2961,
    "low_pressure_p95_ms": 89.7875022559418,
    "output_tokens": null,
    "requests": 5952,
    "slo_ms": 1000.0,
    "slo_violation_count": 0,
    "slo_violation_rate": 0.0,
    "sync_active_count": 1350,
    "sync_active_p95_ms": 154.63731164310474,
    "sync_inactive_count": 4602,
    "sync_inactive_p95_ms": 143.89173401360446,
    "sync_inactive_p95_ratio": 1.0746782134718338,
    "tokens_per_sec": null
  },
  "slo_ms": 1000.0,
  "stress_enabled": true,
  "stress_matmul_size": 6144,
  "stress_mode": "sync",
  "stress_steps": 20,
  "sync_event_count": 8,
  "sync_events_jsonl": "workspaces/stage5/wa-current-s37/events/coordinator.jsonl",
  "sync_events_repeat": true,
  "sync_period_sec": 37.0,
  "sync_trace_duration_sec": 622.979,
  "sync_window_sec": 8.0
}
