{
  "backend": "vllm",
  "concurrency": 8,
  "duration_sec": 600.0,
  "max_new_tokens": 128,
  "model": "Qwen/Qwen2.5-1.5B-Instruct",
  "period_sec": 90.0,
  "prompt_style": "mixed",
  "real": {
    "correlation_pressure_latency": 0.0019169024949170943,
    "high_low_p95_ratio": 1.000565969795127,
    "high_pressure_count": 2720,
    "high_pressure_p95_ms": 1187.5351784052327,
    "latency_p50_ms": 736.928113270551,
    "latency_p95_ms": 1187.4221296282485,
    "latency_p99_ms": 1188.810172341764,
    "low_pressure_count": 2872,
    "low_pressure_p95_ms": 1186.8634495418519,
    "output_tokens": 715776,
    "requests": 5592,
    "slo_ms": 1000.0,
    "slo_violation_count": 1144,
    "slo_violation_rate": 0.20457796852646637,
    "sync_active_count": 1192,
    "sync_active_p95_ms": 1188.8098809868097,
    "sync_inactive_count": 4400,
    "sync_inactive_p95_ms": 758.1403660587966,
    "sync_inactive_p95_ratio": 1.568060393838221,
    "tokens_per_sec": 1235.3531012558988
  },
  "simulator": {
    "correlation_pressure_latency": 0.9254952337681029,
    "high_low_p95_ratio": 1.6760192112134327,
    "high_pressure_count": 2811,
    "high_pressure_p95_ms": 150.8038678394042,
    "latency_p50_ms": 98.03349365269641,
    "latency_p95_ms": 143.9816011085431,
    "latency_p99_ms": 155.24652029143823,
    "low_pressure_count": 2781,
    "low_pressure_p95_ms": 89.97741006215715,
    "output_tokens": null,
    "requests": 5592,
    "slo_ms": 1000.0,
    "slo_violation_count": 0,
    "slo_violation_rate": 0.0,
    "sync_active_count": 1267,
    "sync_active_p95_ms": 154.73571737864884,
    "sync_inactive_count": 4325,
    "sync_inactive_p95_ms": 143.61136854492906,
    "sync_inactive_p95_ratio": 1.0774614777815414,
    "tokens_per_sec": null
  },
  "slo_ms": 1000.0,
  "stress_enabled": true,
  "stress_matmul_size": 6144,
  "stress_mode": "sync",
  "stress_steps": 20,
  "sync_event_count": 14,
  "sync_events_jsonl": "workspaces/stage5/fixed-h-256-s37/events/coordinator.jsonl",
  "sync_events_repeat": true,
  "sync_period_sec": 37.0,
  "sync_trace_duration_sec": 362.308,
  "sync_window_sec": 8.0
}
