{
  "backend": "vllm",
  "concurrency": 8,
  "duration_sec": 600.0,
  "max_new_tokens": 128,
  "model": "Qwen/Qwen2.5-1.5B-Instruct",
  "period_sec": 90.0,
  "prompt_style": "mixed",
  "real": {
    "correlation_pressure_latency": -0.06600100512989977,
    "high_low_p95_ratio": 0.9992466226439846,
    "high_pressure_count": 2936,
    "high_pressure_p95_ms": 1182.1186682209373,
    "latency_p50_ms": 734.2528903391212,
    "latency_p95_ms": 1182.48974904418,
    "latency_p99_ms": 1184.6502618864179,
    "low_pressure_count": 2904,
    "low_pressure_p95_ms": 1183.0099211074412,
    "output_tokens": 747520,
    "requests": 5840,
    "slo_ms": 1000.0,
    "slo_violation_count": 824,
    "slo_violation_rate": 0.1410958904109589,
    "sync_active_count": 856,
    "sync_active_p95_ms": 1185.5427799746394,
    "sync_inactive_count": 4984,
    "sync_inactive_p95_ms": 742.3930382356048,
    "sync_inactive_p95_ratio": 1.5969206591595182,
    "tokens_per_sec": 1286.0239392922185
  },
  "simulator": {
    "correlation_pressure_latency": 0.9253148054472823,
    "high_low_p95_ratio": 1.6738208153354102,
    "high_pressure_count": 2934,
    "high_pressure_p95_ms": 150.36915056509466,
    "latency_p50_ms": 98.13636038335878,
    "latency_p95_ms": 144.1925104093633,
    "latency_p99_ms": 155.24751470591502,
    "low_pressure_count": 2906,
    "low_pressure_p95_ms": 89.83587083361894,
    "output_tokens": null,
    "requests": 5840,
    "slo_ms": 1000.0,
    "slo_violation_count": 0,
    "slo_violation_rate": 0.0,
    "sync_active_count": 1326,
    "sync_active_p95_ms": 154.4096301468474,
    "sync_inactive_count": 4514,
    "sync_inactive_p95_ms": 143.73601408030274,
    "sync_inactive_p95_ratio": 1.0742584670574036,
    "tokens_per_sec": null
  },
  "slo_ms": 1000.0,
  "stress_enabled": true,
  "stress_matmul_size": 6144,
  "stress_mode": "sync",
  "stress_steps": 20,
  "sync_event_count": 8,
  "sync_events_jsonl": "workspaces/stage5/pressure-gate-s41/events/coordinator.jsonl",
  "sync_events_repeat": true,
  "sync_period_sec": 37.0,
  "sync_trace_duration_sec": 302.103,
  "sync_window_sec": 8.0
}
