{
  "backend": "vllm",
  "concurrency": 8,
  "duration_sec": 600.0,
  "max_new_tokens": 128,
  "model": "Qwen/Qwen2.5-1.5B-Instruct",
  "period_sec": 90.0,
  "prompt_style": "mixed",
  "real": {
    "correlation_pressure_latency": 0.8838416946082536,
    "high_low_p95_ratio": 1.5532928192574003,
    "high_pressure_count": 1976,
    "high_pressure_p95_ms": 1157.6096671633422,
    "latency_p50_ms": 742.2361590433866,
    "latency_p95_ms": 1156.404310837388,
    "latency_p99_ms": 1160.8921070583165,
    "low_pressure_count": 3176,
    "low_pressure_p95_ms": 745.2617129310966,
    "output_tokens": 659456,
    "requests": 5152,
    "slo_ms": 1000.0,
    "slo_violation_count": 1960,
    "slo_violation_rate": 0.3804347826086957,
    "sync_active_count": 496,
    "sync_active_p95_ms": 1156.3474466092885,
    "sync_inactive_count": 4656,
    "sync_inactive_p95_ms": 1156.4379939809442,
    "sync_inactive_p95_ratio": 0.999921701490156,
    "tokens_per_sec": 1140.497774915391
  },
  "simulator": {
    "correlation_pressure_latency": 0.9253111345606163,
    "high_low_p95_ratio": 1.68165213046067,
    "high_pressure_count": 2591,
    "high_pressure_p95_ms": 150.7272524343743,
    "latency_p50_ms": 97.99348316970477,
    "latency_p95_ms": 144.2669858197125,
    "latency_p99_ms": 155.24345311014798,
    "low_pressure_count": 2561,
    "low_pressure_p95_ms": 89.63045906116399,
    "output_tokens": null,
    "requests": 5152,
    "slo_ms": 1000.0,
    "slo_violation_count": 0,
    "slo_violation_rate": 0.0,
    "sync_active_count": 1169,
    "sync_active_p95_ms": 154.39944051859757,
    "sync_inactive_count": 3983,
    "sync_inactive_p95_ms": 143.90392829314877,
    "sync_inactive_p95_ratio": 1.072934160657993,
    "tokens_per_sec": null
  },
  "slo_ms": 1000.0,
  "stress_enabled": true,
  "stress_matmul_size": 6144,
  "stress_mode": "pressure",
  "stress_steps": 20,
  "sync_event_count": 8,
  "sync_events_jsonl": "workspaces/stage7/random-matched-s41/events/coordinator.jsonl",
  "sync_events_repeat": true,
  "sync_period_sec": 37.0,
  "sync_trace_duration_sec": 611.536,
  "sync_window_sec": 8.0
}
