{
  "backend": "vllm",
  "concurrency": 8,
  "duration_sec": 600.0,
  "max_new_tokens": 128,
  "model": "Qwen/Qwen2.5-1.5B-Instruct",
  "period_sec": 90.0,
  "prompt_style": "mixed",
  "real": {
    "correlation_pressure_latency": 0.8746635251781,
    "high_low_p95_ratio": 1.7708841445385717,
    "high_pressure_count": 1824,
    "high_pressure_p95_ms": 1315.4963250271976,
    "latency_p50_ms": 737.0688449591398,
    "latency_p95_ms": 1309.906727168709,
    "latency_p99_ms": 1318.1709116324782,
    "low_pressure_count": 3168,
    "low_pressure_p95_ms": 742.8471981547773,
    "output_tokens": 638976,
    "requests": 4992,
    "slo_ms": 1000.0,
    "slo_violation_count": 1776,
    "slo_violation_rate": 0.3557692307692308,
    "sync_active_count": 456,
    "sync_active_p95_ms": 1310.5991347692907,
    "sync_inactive_count": 4536,
    "sync_inactive_p95_ms": 1309.906727168709,
    "sync_inactive_p95_ratio": 1.0005285930564525,
    "tokens_per_sec": 1105.9049470761354
  },
  "simulator": {
    "correlation_pressure_latency": 0.9252107905901368,
    "high_low_p95_ratio": 1.677280127000411,
    "high_pressure_count": 2508,
    "high_pressure_p95_ms": 150.68185981513335,
    "latency_p50_ms": 97.73135140679462,
    "latency_p95_ms": 144.26007772670806,
    "latency_p99_ms": 155.52856003578424,
    "low_pressure_count": 2484,
    "low_pressure_p95_ms": 89.83702685645451,
    "output_tokens": null,
    "requests": 4992,
    "slo_ms": 1000.0,
    "slo_violation_count": 0,
    "slo_violation_rate": 0.0,
    "sync_active_count": 1131,
    "sync_active_p95_ms": 155.0914771558036,
    "sync_inactive_count": 3861,
    "sync_inactive_p95_ms": 143.7619635064053,
    "sync_inactive_p95_ratio": 1.0788074492937314,
    "tokens_per_sec": null
  },
  "slo_ms": 1000.0,
  "stress_enabled": true,
  "stress_matmul_size": 6144,
  "stress_mode": "pressure",
  "stress_steps": 20,
  "sync_event_count": 8,
  "sync_events_jsonl": "workspaces/stage5/wa-current-s37/events/coordinator.jsonl",
  "sync_events_repeat": true,
  "sync_period_sec": 37.0,
  "sync_trace_duration_sec": 622.979,
  "sync_window_sec": 8.0
}
