{
  "backend": "vllm",
  "concurrency": 8,
  "duration_sec": 1500.0,
  "max_new_tokens": 128,
  "model": "Qwen/Qwen2.5-3B-Instruct",
  "period_sec": 90.0,
  "prompt_style": "long",
  "real": {
    "correlation_pressure_latency": 0.7808214977679453,
    "high_low_p95_ratio": 1.0033624566667096,
    "high_pressure_count": 3880,
    "high_pressure_p95_ms": 1660.044722724706,
    "latency_p50_ms": 1236.5973654668778,
    "latency_p95_ms": 1658.7406527251005,
    "latency_p99_ms": 1660.7036478817463,
    "low_pressure_count": 5320,
    "low_pressure_p95_ms": 1654.4816000387073,
    "output_tokens": 1177600,
    "requests": 9200,
    "sync_active_count": 1512,
    "sync_active_p95_ms": 1659.4820427708328,
    "sync_inactive_count": 7688,
    "sync_inactive_p95_ms": 1658.490973059088,
    "sync_inactive_p95_ratio": 1.000597573172145,
    "tokens_per_sec": 798.2921817711748
  },
  "simulator": {
    "correlation_pressure_latency": 0.9071683985913542,
    "high_low_p95_ratio": 1.716331361209349,
    "high_pressure_count": 5029,
    "high_pressure_p95_ms": 153.8114481454797,
    "latency_p50_ms": 101.58687947732139,
    "latency_p95_ms": 147.85977491731316,
    "latency_p99_ms": 155.95036460280247,
    "low_pressure_count": 4171,
    "low_pressure_p95_ms": 89.61640602843858,
    "output_tokens": null,
    "requests": 9200,
    "sync_active_count": 2067,
    "sync_active_p95_ms": 155.64109500842338,
    "sync_inactive_count": 7133,
    "sync_inactive_p95_ms": 145.12267814664636,
    "sync_inactive_p95_ratio": 1.0724794842274628,
    "tokens_per_sec": null
  },
  "stress_enabled": true,
  "stress_matmul_size": 6144,
  "stress_mode": "both",
  "stress_steps": 16,
  "sync_period_sec": 37.0,
  "sync_window_sec": 8.0
}
