{
  "backend": "vllm",
  "concurrency": 8,
  "duration_sec": 600.0,
  "max_new_tokens": 128,
  "model": "Qwen/Qwen2.5-1.5B-Instruct",
  "period_sec": 90.0,
  "prompt_style": "mixed",
  "real": {
    "correlation_pressure_latency": -0.051948452520514755,
    "high_low_p95_ratio": 0.999129956838607,
    "high_pressure_count": 3040,
    "high_pressure_p95_ms": 1157.2728816187011,
    "latency_p50_ms": 734.3234296422452,
    "latency_p95_ms": 1158.2806357648226,
    "latency_p99_ms": 1220.8300000056624,
    "low_pressure_count": 3024,
    "low_pressure_p95_ms": 1158.2806357648224,
    "output_tokens": 776192,
    "requests": 6064,
    "slo_ms": 1000.0,
    "slo_violation_count": 456,
    "slo_violation_rate": 0.07519788918205805,
    "sync_active_count": 504,
    "sync_active_p95_ms": 1248.5984140075743,
    "sync_inactive_count": 5560,
    "sync_inactive_p95_ms": 740.4369809664786,
    "sync_inactive_p95_ratio": 1.6862993692964958,
    "tokens_per_sec": 1332.038168019291
  },
  "simulator": {
    "correlation_pressure_latency": 0.9256920703877306,
    "high_low_p95_ratio": 1.677542590480953,
    "high_pressure_count": 3049,
    "high_pressure_p95_ms": 150.8046411008628,
    "latency_p50_ms": 97.95237456927455,
    "latency_p95_ms": 144.18371621889534,
    "latency_p99_ms": 155.20248530552294,
    "low_pressure_count": 3015,
    "low_pressure_p95_ms": 89.89616237262086,
    "output_tokens": null,
    "requests": 6064,
    "slo_ms": 1000.0,
    "slo_violation_count": 0,
    "slo_violation_rate": 0.0,
    "sync_active_count": 1375,
    "sync_active_p95_ms": 154.3344998647546,
    "sync_inactive_count": 4689,
    "sync_inactive_p95_ms": 143.8138744167433,
    "sync_inactive_p95_ratio": 1.0731544539125946,
    "tokens_per_sec": null
  },
  "slo_ms": 1000.0,
  "stress_enabled": true,
  "stress_matmul_size": 6144,
  "stress_mode": "sync",
  "stress_steps": 20,
  "sync_event_count": 8,
  "sync_events_jsonl": "workspaces/stage7/pressure-gate-matched-s41/events/coordinator.jsonl",
  "sync_events_repeat": true,
  "sync_period_sec": 37.0,
  "sync_trace_duration_sec": 444.973,
  "sync_window_sec": 8.0
}
