{
  "backend": "vllm",
  "concurrency": 8,
  "duration_sec": 600.0,
  "max_new_tokens": 128,
  "model": "Qwen/Qwen2.5-1.5B-Instruct",
  "period_sec": 90.0,
  "prompt_style": "mixed",
  "real": {
    "correlation_pressure_latency": 0.884977924404737,
    "high_low_p95_ratio": 1.5894180114055942,
    "high_pressure_count": 1976,
    "high_pressure_p95_ms": 1173.1714229099452,
    "latency_p50_ms": 735.5224317871034,
    "latency_p95_ms": 1164.2982242628932,
    "latency_p99_ms": 1189.452278893441,
    "low_pressure_count": 3200,
    "low_pressure_p95_ms": 738.1138344295323,
    "output_tokens": 662528,
    "requests": 5176,
    "slo_ms": 1000.0,
    "slo_violation_count": 1960,
    "slo_violation_rate": 0.3786707882534776,
    "sync_active_count": 600,
    "sync_active_p95_ms": 1166.4378549903631,
    "sync_inactive_count": 4576,
    "sync_inactive_p95_ms": 1164.2972398549318,
    "sync_inactive_p95_ratio": 1.0018385469467384,
    "tokens_per_sec": 1145.4543109783494
  },
  "simulator": {
    "correlation_pressure_latency": 0.9254861053544507,
    "high_low_p95_ratio": 1.6818512954609182,
    "high_pressure_count": 2603,
    "high_pressure_p95_ms": 150.9475996105865,
    "latency_p50_ms": 98.02805546202612,
    "latency_p95_ms": 144.30778479761324,
    "latency_p99_ms": 155.28766976196675,
    "low_pressure_count": 2573,
    "low_pressure_p95_ms": 89.75085967348778,
    "output_tokens": null,
    "requests": 5176,
    "slo_ms": 1000.0,
    "slo_violation_count": 0,
    "slo_violation_rate": 0.0,
    "sync_active_count": 1174,
    "sync_active_p95_ms": 154.1191478484054,
    "sync_inactive_count": 4002,
    "sync_inactive_p95_ms": 143.8228696881146,
    "sync_inactive_p95_ratio": 1.071589992486026,
    "tokens_per_sec": null
  },
  "slo_ms": 1000.0,
  "stress_enabled": true,
  "stress_matmul_size": 6144,
  "stress_mode": "pressure",
  "stress_steps": 20,
  "sync_event_count": 8,
  "sync_events_jsonl": "workspaces/stage5/wa-current-s41/events/coordinator.jsonl",
  "sync_events_repeat": true,
  "sync_period_sec": 37.0,
  "sync_trace_duration_sec": 511.768,
  "sync_window_sec": 8.0
}
