{
  "backend": "vllm",
  "concurrency": 8,
  "duration_sec": 600.0,
  "max_new_tokens": 128,
  "model": "Qwen/Qwen2.5-1.5B-Instruct",
  "period_sec": 90.0,
  "prompt_style": "mixed",
  "real": {
    "correlation_pressure_latency": 0.8851154263998304,
    "high_low_p95_ratio": 1.6332916375549087,
    "high_pressure_count": 1936,
    "high_pressure_p95_ms": 1200.5157750099897,
    "latency_p50_ms": 732.2136398870498,
    "latency_p95_ms": 1199.0409749560058,
    "latency_p99_ms": 1201.8190948292613,
    "low_pressure_count": 3200,
    "low_pressure_p95_ms": 735.02842199523,
    "output_tokens": 657408,
    "requests": 5136,
    "slo_ms": 1000.0,
    "slo_violation_count": 1896,
    "slo_violation_rate": 0.3691588785046729,
    "sync_active_count": 616,
    "sync_active_p95_ms": 1196.8059297651052,
    "sync_inactive_count": 4520,
    "sync_inactive_p95_ms": 1199.0976477973163,
    "sync_inactive_p95_ratio": 0.9980887978252473,
    "tokens_per_sec": 1135.3447208991697
  },
  "simulator": {
    "correlation_pressure_latency": 0.9253030882612114,
    "high_low_p95_ratio": 1.6820180671755438,
    "high_pressure_count": 2580,
    "high_pressure_p95_ms": 151.016397265017,
    "latency_p50_ms": 97.78627781290749,
    "latency_p95_ms": 144.17554637225572,
    "latency_p99_ms": 155.30541194865063,
    "low_pressure_count": 2556,
    "low_pressure_p95_ms": 89.78286274808258,
    "output_tokens": null,
    "requests": 5136,
    "slo_ms": 1000.0,
    "slo_violation_count": 0,
    "slo_violation_rate": 0.0,
    "sync_active_count": 1164,
    "sync_active_p95_ms": 154.41080724503752,
    "sync_inactive_count": 3972,
    "sync_inactive_p95_ms": 143.8411602000422,
    "sync_inactive_p95_ratio": 1.0734813806444272,
    "tokens_per_sec": null
  },
  "slo_ms": 1000.0,
  "stress_enabled": true,
  "stress_matmul_size": 6144,
  "stress_mode": "pressure",
  "stress_steps": 20,
  "sync_event_count": 8,
  "sync_events_jsonl": "workspaces/stage7/random-matched-s29/events/coordinator.jsonl",
  "sync_events_repeat": true,
  "sync_period_sec": 37.0,
  "sync_trace_duration_sec": 552.717,
  "sync_window_sec": 8.0
}
