{
  "backend": "vllm",
  "concurrency": 8,
  "duration_sec": 600.0,
  "max_new_tokens": 128,
  "model": "Qwen/Qwen2.5-1.5B-Instruct",
  "period_sec": 90.0,
  "prompt_style": "mixed",
  "real": {
    "correlation_pressure_latency": -0.047152375153375024,
    "high_low_p95_ratio": 0.9925552891096509,
    "high_pressure_count": 2888,
    "high_pressure_p95_ms": 1273.156353738159,
    "latency_p50_ms": 728.7687149364501,
    "latency_p95_ms": 1280.1115601323545,
    "latency_p99_ms": 1303.6984531208873,
    "low_pressure_count": 2904,
    "low_pressure_p95_ms": 1282.705727033317,
    "output_tokens": 741376,
    "requests": 5792,
    "slo_ms": 1000.0,
    "slo_violation_count": 792,
    "slo_violation_rate": 0.13674033149171272,
    "sync_active_count": 784,
    "sync_active_p95_ms": 1310.1574518019333,
    "sync_inactive_count": 5008,
    "sync_inactive_p95_ms": 736.602617893368,
    "sync_inactive_p95_ratio": 1.7786489213802852,
    "tokens_per_sec": 1276.9009928840076
  },
  "simulator": {
    "correlation_pressure_latency": 0.9254492314275484,
    "high_low_p95_ratio": 1.6800185143577873,
    "high_pressure_count": 2914,
    "high_pressure_p95_ms": 150.70945604025664,
    "latency_p50_ms": 98.23215594684353,
    "latency_p95_ms": 144.1763857571557,
    "latency_p99_ms": 154.94542488120342,
    "low_pressure_count": 2878,
    "low_pressure_p95_ms": 89.7070209359375,
    "output_tokens": null,
    "requests": 5792,
    "slo_ms": 1000.0,
    "slo_violation_count": 0,
    "slo_violation_rate": 0.0,
    "sync_active_count": 1311,
    "sync_active_p95_ms": 154.333737993304,
    "sync_inactive_count": 4481,
    "sync_inactive_p95_ms": 143.811224935484,
    "sync_inactive_p95_ratio": 1.073168927269346,
    "tokens_per_sec": null
  },
  "slo_ms": 1000.0,
  "stress_enabled": true,
  "stress_matmul_size": 6144,
  "stress_mode": "sync",
  "stress_steps": 20,
  "sync_event_count": 8,
  "sync_events_jsonl": "workspaces/stage4/pressure-gate-s29/events/coordinator.jsonl",
  "sync_events_repeat": true,
  "sync_period_sec": 37.0,
  "sync_trace_duration_sec": 300.774,
  "sync_window_sec": 8.0
}
