{
  "backend": "vllm",
  "concurrency": 8,
  "duration_sec": 600.0,
  "max_new_tokens": 128,
  "model": "Qwen/Qwen2.5-1.5B-Instruct",
  "period_sec": 90.0,
  "prompt_style": "mixed",
  "real": {
    "correlation_pressure_latency": 0.03648303913852024,
    "high_low_p95_ratio": 1.0005632014150727,
    "high_pressure_count": 2720,
    "high_pressure_p95_ms": 1326.3922012643889,
    "latency_p50_ms": 738.2475764025003,
    "latency_p95_ms": 1325.8173898793757,
    "latency_p99_ms": 1330.295336060226,
    "low_pressure_count": 2848,
    "low_pressure_p95_ms": 1325.6455957889557,
    "output_tokens": 712704,
    "requests": 5568,
    "slo_ms": 1000.0,
    "slo_violation_count": 936,
    "slo_violation_rate": 0.16810344827586207,
    "sync_active_count": 936,
    "sync_active_p95_ms": 1330.9137769974768,
    "sync_inactive_count": 4632,
    "sync_inactive_p95_ms": 747.0951355993748,
    "sync_inactive_p95_ratio": 1.7814515361952126,
    "tokens_per_sec": 1229.2141867393102
  },
  "simulator": {
    "correlation_pressure_latency": 0.9254112119614452,
    "high_low_p95_ratio": 1.6730780412364368,
    "high_pressure_count": 2798,
    "high_pressure_p95_ms": 150.29711747701302,
    "latency_p50_ms": 98.05619577549314,
    "latency_p95_ms": 144.15084704985924,
    "latency_p99_ms": 155.34636840555075,
    "low_pressure_count": 2770,
    "low_pressure_p95_ms": 89.83269983385865,
    "output_tokens": null,
    "requests": 5568,
    "slo_ms": 1000.0,
    "slo_violation_count": 0,
    "slo_violation_rate": 0.0,
    "sync_active_count": 1262,
    "sync_active_p95_ms": 154.73865782643486,
    "sync_inactive_count": 4306,
    "sync_inactive_p95_ms": 143.74931782192562,
    "sync_inactive_p95_ratio": 1.0764479454304101,
    "tokens_per_sec": null
  },
  "slo_ms": 1000.0,
  "stress_enabled": true,
  "stress_matmul_size": 6144,
  "stress_mode": "sync",
  "stress_steps": 20,
  "sync_event_count": 14,
  "sync_events_jsonl": "workspaces/stage2/fixed-h-256-s31/events/coordinator.jsonl",
  "sync_events_repeat": true,
  "sync_period_sec": 37.0,
  "sync_trace_duration_sec": 412.008,
  "sync_window_sec": 8.0
}
