{
  "backend": "vllm",
  "concurrency": 8,
  "duration_sec": 600.0,
  "max_new_tokens": 128,
  "model": "Qwen/Qwen2.5-1.5B-Instruct",
  "period_sec": 90.0,
  "prompt_style": "mixed",
  "real": {
    "correlation_pressure_latency": -0.04609036906905219,
    "high_low_p95_ratio": 0.555446180138901,
    "high_pressure_count": 3112,
    "high_pressure_p95_ms": 732.8483769670129,
    "latency_p50_ms": 725.3403370268643,
    "latency_p95_ms": 1310.6265012174845,
    "latency_p99_ms": 1325.4738496616483,
    "low_pressure_count": 3008,
    "low_pressure_p95_ms": 1319.3868338130414,
    "output_tokens": 783360,
    "requests": 6120,
    "slo_ms": 1000.0,
    "slo_violation_count": 392,
    "slo_violation_rate": 0.06405228758169934,
    "sync_active_count": 392,
    "sync_active_p95_ms": 1326.6842439770699,
    "sync_inactive_count": 5728,
    "sync_inactive_p95_ms": 731.3602170906961,
    "sync_inactive_p95_ratio": 1.813995638502918,
    "tokens_per_sec": 1344.2560737247811
  },
  "simulator": {
    "correlation_pressure_latency": 0.9256572103014098,
    "high_low_p95_ratio": 1.6791567584830223,
    "high_pressure_count": 3078,
    "high_pressure_p95_ms": 150.62424081066575,
    "latency_p50_ms": 97.96417163040014,
    "latency_p95_ms": 144.1863401318958,
    "latency_p99_ms": 155.250232171554,
    "low_pressure_count": 3042,
    "low_pressure_p95_ms": 89.70231043035086,
    "output_tokens": null,
    "requests": 6120,
    "slo_ms": 1000.0,
    "slo_violation_count": 0,
    "slo_violation_rate": 0.0,
    "sync_active_count": 1390,
    "sync_active_p95_ms": 154.21652696181732,
    "sync_inactive_count": 4730,
    "sync_inactive_p95_ms": 143.73254373296112,
    "sync_inactive_p95_ratio": 1.0729409148169968,
    "tokens_per_sec": null
  },
  "slo_ms": 1000.0,
  "stress_enabled": true,
  "stress_matmul_size": 6144,
  "stress_mode": "sync",
  "stress_steps": 20,
  "sync_event_count": 8,
  "sync_events_jsonl": "workspaces/stage2/wa-current-s23/events/coordinator.jsonl",
  "sync_events_repeat": true,
  "sync_period_sec": 37.0,
  "sync_trace_duration_sec": 544.856,
  "sync_window_sec": 8.0
}
