{
  "backend": "vllm",
  "concurrency": 8,
  "duration_sec": 600.0,
  "max_new_tokens": 128,
  "model": "Qwen/Qwen2.5-1.5B-Instruct",
  "period_sec": 90.0,
  "prompt_style": "mixed",
  "real": {
    "correlation_pressure_latency": 0.8850910674988022,
    "high_low_p95_ratio": 1.6388752604197474,
    "high_pressure_count": 1912,
    "high_pressure_p95_ms": 1195.5322628142312,
    "latency_p50_ms": 725.8679666556418,
    "latency_p95_ms": 1194.4831307046115,
    "latency_p99_ms": 1195.8899819292128,
    "low_pressure_count": 3248,
    "low_pressure_p95_ms": 729.4833790510893,
    "output_tokens": 660480,
    "requests": 5160,
    "slo_ms": 1000.0,
    "slo_violation_count": 1896,
    "slo_violation_rate": 0.3674418604651163,
    "sync_active_count": 880,
    "sync_active_p95_ms": 1194.4952686317265,
    "sync_inactive_count": 4280,
    "sync_inactive_p95_ms": 1194.4831307046115,
    "sync_inactive_p95_ratio": 1.0000101616563708,
    "tokens_per_sec": 1144.0990831286094
  },
  "simulator": {
    "correlation_pressure_latency": 0.9254125048586194,
    "high_low_p95_ratio": 1.685056394658439,
    "high_pressure_count": 2598,
    "high_pressure_p95_ms": 150.83309906526702,
    "latency_p50_ms": 98.13771413750021,
    "latency_p95_ms": 144.30514169479844,
    "latency_p99_ms": 155.27194954607307,
    "low_pressure_count": 2562,
    "low_pressure_p95_ms": 89.5121964721192,
    "output_tokens": null,
    "requests": 5160,
    "slo_ms": 1000.0,
    "slo_violation_count": 0,
    "slo_violation_rate": 0.0,
    "sync_active_count": 1173,
    "sync_active_p95_ms": 154.3589903819544,
    "sync_inactive_count": 3987,
    "sync_inactive_p95_ms": 143.9784011026677,
    "sync_inactive_p95_ratio": 1.0720982397344763,
    "tokens_per_sec": null
  },
  "slo_ms": 1000.0,
  "stress_enabled": true,
  "stress_matmul_size": 6144,
  "stress_mode": "pressure",
  "stress_steps": 20,
  "sync_event_count": 8,
  "sync_events_jsonl": "workspaces/stage5/fixed-h-512-s37/events/coordinator.jsonl",
  "sync_events_repeat": true,
  "sync_period_sec": 37.0,
  "sync_trace_duration_sec": 375.058,
  "sync_window_sec": 8.0
}
