{
  "backend": "vllm",
  "concurrency": 8,
  "duration_sec": 600.0,
  "max_new_tokens": 128,
  "model": "Qwen/Qwen2.5-1.5B-Instruct",
  "period_sec": 90.0,
  "prompt_style": "mixed",
  "real": {
    "correlation_pressure_latency": 0.07226724275399433,
    "high_low_p95_ratio": 1.0004877037516298,
    "high_pressure_count": 2856,
    "high_pressure_p95_ms": 1183.8346002623439,
    "latency_p50_ms": 727.4079858325422,
    "latency_p95_ms": 1183.7595556862652,
    "latency_p99_ms": 1186.1742800101638,
    "low_pressure_count": 2992,
    "low_pressure_p95_ms": 1183.2575211301446,
    "output_tokens": 748544,
    "requests": 5848,
    "slo_ms": 1000.0,
    "slo_violation_count": 832,
    "slo_violation_rate": 0.14227086183310533,
    "sync_active_count": 872,
    "sync_active_p95_ms": 1186.351585201919,
    "sync_inactive_count": 4976,
    "sync_inactive_p95_ms": 733.6836936883628,
    "sync_inactive_p95_ratio": 1.6169796267897294,
    "tokens_per_sec": 1291.1756614302487
  },
  "simulator": {
    "correlation_pressure_latency": 0.9253486684879516,
    "high_low_p95_ratio": 1.6729899280848082,
    "high_pressure_count": 2940,
    "high_pressure_p95_ms": 150.21344342452048,
    "latency_p50_ms": 98.2389059140312,
    "latency_p95_ms": 144.1313315063136,
    "latency_p99_ms": 155.21441914536396,
    "low_pressure_count": 2908,
    "low_pressure_p95_ms": 89.78741647086937,
    "output_tokens": null,
    "requests": 5848,
    "slo_ms": 1000.0,
    "slo_violation_count": 0,
    "slo_violation_rate": 0.0,
    "sync_active_count": 1326,
    "sync_active_p95_ms": 154.594053355872,
    "sync_inactive_count": 4522,
    "sync_inactive_p95_ms": 143.7507027463319,
    "sync_inactive_p95_ratio": 1.0754316354798954,
    "tokens_per_sec": null
  },
  "slo_ms": 1000.0,
  "stress_enabled": true,
  "stress_matmul_size": 6144,
  "stress_mode": "sync",
  "stress_steps": 20,
  "sync_event_count": 8,
  "sync_events_jsonl": "workspaces/stage4/pressure-gate-s23/events/coordinator.jsonl",
  "sync_events_repeat": true,
  "sync_period_sec": 37.0,
  "sync_trace_duration_sec": 288.387,
  "sync_window_sec": 8.0
}
