{
  "backend": "vllm",
  "concurrency": 8,
  "duration_sec": 600.0,
  "max_new_tokens": 128,
  "model": "Qwen/Qwen2.5-1.5B-Instruct",
  "period_sec": 90.0,
  "prompt_style": "mixed",
  "real": {
    "correlation_pressure_latency": 0.8812142275019835,
    "high_low_p95_ratio": 1.7566508937694412,
    "high_pressure_count": 1832,
    "high_pressure_p95_ms": 1290.4091370292008,
    "latency_p50_ms": 731.6450318321586,
    "latency_p95_ms": 1272.3179417662323,
    "latency_p99_ms": 1299.3058552965522,
    "low_pressure_count": 3232,
    "low_pressure_p95_ms": 734.5848521217704,
    "output_tokens": 648192,
    "requests": 5064,
    "slo_ms": 1000.0,
    "slo_violation_count": 1832,
    "slo_violation_rate": 0.3617693522906793,
    "sync_active_count": 920,
    "sync_active_p95_ms": 1288.1400967016816,
    "sync_inactive_count": 4144,
    "sync_inactive_p95_ms": 1268.6513738473875,
    "sync_inactive_p95_ratio": 1.0153617638825325,
    "tokens_per_sec": 1123.4415186266626
  },
  "simulator": {
    "correlation_pressure_latency": 0.9251808646083873,
    "high_low_p95_ratio": 1.6784119196972445,
    "high_pressure_count": 2545,
    "high_pressure_p95_ms": 150.7815508978176,
    "latency_p50_ms": 97.7269998196846,
    "latency_p95_ms": 144.11520058026667,
    "latency_p99_ms": 155.3990333086187,
    "low_pressure_count": 2519,
    "low_pressure_p95_ms": 89.83584370934156,
    "output_tokens": null,
    "requests": 5064,
    "slo_ms": 1000.0,
    "slo_violation_count": 0,
    "slo_violation_rate": 0.0,
    "sync_active_count": 1149,
    "sync_active_p95_ms": 154.87256625099928,
    "sync_inactive_count": 3915,
    "sync_inactive_p95_ms": 143.75059621128733,
    "sync_inactive_p95_ratio": 1.0773699054671375,
    "tokens_per_sec": null
  },
  "slo_ms": 1000.0,
  "stress_enabled": true,
  "stress_matmul_size": 6144,
  "stress_mode": "pressure",
  "stress_steps": 20,
  "sync_event_count": 8,
  "sync_events_jsonl": "workspaces/stage4/fixed-h-512-s31/events/coordinator.jsonl",
  "sync_events_repeat": true,
  "sync_period_sec": 37.0,
  "sync_trace_duration_sec": 354.143,
  "sync_window_sec": 8.0
}
