{
  "backend": "vllm",
  "burst_period_sec": 120.0,
  "burst_phase_sec": 0.0,
  "burst_window_sec": 30.0,
  "busy_concurrency": 12,
  "concurrency": 8,
  "duration_sec": 600.0,
  "load_profile": "bursty",
  "max_new_tokens": 128,
  "model": "Qwen/Qwen2.5-1.5B-Instruct",
  "period_sec": 120.0,
  "prompt_style": "mixed",
  "quiet_concurrency": 4,
  "real": {
    "correlation_pressure_latency": 0.13481938934800614,
    "high_low_p95_ratio": 0.9922072210869177,
    "high_pressure_count": 1992,
    "high_pressure_p95_ms": 1136.6186728700995,
    "latency_p50_ms": 726.3040109537542,
    "latency_p95_ms": 1136.8102798005566,
    "latency_p99_ms": 1153.4636832913384,
    "low_pressure_count": 2396,
    "low_pressure_p95_ms": 1145.5456569092348,
    "output_tokens": 561664,
    "requests": 4388,
    "slo_ms": 1000.0,
    "slo_violation_count": 368,
    "slo_violation_rate": 0.08386508659981769,
    "sync_active_count": 376,
    "sync_active_p95_ms": 1154.3530370108783,
    "sync_inactive_count": 4012,
    "sync_inactive_p95_ms": 774.3875402957201,
    "sync_inactive_p95_ratio": 1.4906658190420503,
    "tokens_per_sec": 967.4962036965397
  },
  "simulator": {
    "correlation_pressure_latency": 0.9161364630969002,
    "high_low_p95_ratio": 1.7065175389217808,
    "high_pressure_count": 2253,
    "high_pressure_p95_ms": 152.77597746036213,
    "latency_p50_ms": 99.2812955181522,
    "latency_p95_ms": 145.2490255917482,
    "latency_p99_ms": 155.80736911348032,
    "low_pressure_count": 2135,
    "low_pressure_p95_ms": 89.52499694605524,
    "output_tokens": null,
    "requests": 4388,
    "slo_ms": 1000.0,
    "slo_violation_count": 0,
    "slo_violation_rate": 0.0,
    "sync_active_count": 755,
    "sync_active_p95_ms": 155.27513107062458,
    "sync_inactive_count": 3633,
    "sync_inactive_p95_ms": 144.58646876667024,
    "sync_inactive_p95_ratio": 1.0739257441939702,
    "tokens_per_sec": null
  },
  "slo_ms": 1000.0,
  "stress_enabled": true,
  "stress_matmul_size": 6144,
  "stress_mode": "sync",
  "stress_steps": 20,
  "sync_event_count": 8,
  "sync_events_jsonl": "workspaces/stage13/wa-calibrated-s23/events/coordinator.jsonl",
  "sync_events_repeat": true,
  "sync_period_sec": 37.0,
  "sync_trace_duration_sec": 511.742,
  "sync_window_sec": 8.0,
  "sync_windows_enabled": true
}
