{
  "backend": "vllm",
  "concurrency": 8,
  "duration_sec": 600.0,
  "max_new_tokens": 128,
  "model": "Qwen/Qwen2.5-1.5B-Instruct",
  "period_sec": 90.0,
  "prompt_style": "mixed",
  "real": {
    "correlation_pressure_latency": 0.00258688171998884,
    "high_low_p95_ratio": 0.9936717003754506,
    "high_pressure_count": 2800,
    "high_pressure_p95_ms": 1280.5562103167176,
    "latency_p50_ms": 726.0659937746823,
    "latency_p95_ms": 1286.8349221535027,
    "latency_p99_ms": 1305.2665060386062,
    "low_pressure_count": 2848,
    "low_pressure_p95_ms": 1288.711563218385,
    "output_tokens": 722944,
    "requests": 5648,
    "slo_ms": 1000.0,
    "slo_violation_count": 1016,
    "slo_violation_rate": 0.17988668555240794,
    "sync_active_count": 976,
    "sync_active_p95_ms": 1307.9099208116531,
    "sync_inactive_count": 4672,
    "sync_inactive_p95_ms": 735.2720256894827,
    "sync_inactive_p95_ratio": 1.7788109367892704,
    "tokens_per_sec": 1245.5005616285982
  },
  "simulator": {
    "correlation_pressure_latency": 0.9254408504262559,
    "high_low_p95_ratio": 1.6793588075406547,
    "high_pressure_count": 2837,
    "high_pressure_p95_ms": 150.63422288818342,
    "latency_p50_ms": 97.96094809876391,
    "latency_p95_ms": 144.00978809857122,
    "latency_p99_ms": 155.09211316026395,
    "low_pressure_count": 2811,
    "low_pressure_p95_ms": 89.69746203837192,
    "output_tokens": null,
    "requests": 5648,
    "slo_ms": 1000.0,
    "slo_violation_count": 0,
    "slo_violation_rate": 0.0,
    "sync_active_count": 1280,
    "sync_active_p95_ms": 154.47424130201637,
    "sync_inactive_count": 4368,
    "sync_inactive_p95_ms": 143.6779023548437,
    "sync_inactive_p95_ratio": 1.0751426542998155,
    "tokens_per_sec": null
  },
  "slo_ms": 1000.0,
  "stress_enabled": true,
  "stress_matmul_size": 6144,
  "stress_mode": "sync",
  "stress_steps": 20,
  "sync_event_count": 14,
  "sync_events_jsonl": "workspaces/stage5/fixed-h-256-s41/events/coordinator.jsonl",
  "sync_events_repeat": true,
  "sync_period_sec": 37.0,
  "sync_trace_duration_sec": 393.54,
  "sync_window_sec": 8.0
}
