{
  "backend": "vllm",
  "concurrency": 8,
  "duration_sec": 600.0,
  "max_new_tokens": 128,
  "model": "Qwen/Qwen2.5-1.5B-Instruct",
  "period_sec": 90.0,
  "prompt_style": "mixed",
  "real": {
    "correlation_pressure_latency": -0.0018773385740293404,
    "high_low_p95_ratio": 0.9640278683720075,
    "high_pressure_count": 2912,
    "high_pressure_p95_ms": 1204.764612019062,
    "latency_p50_ms": 720.1599036343396,
    "latency_p95_ms": 1232.194353826344,
    "latency_p99_ms": 1301.7292651347816,
    "low_pressure_count": 2984,
    "low_pressure_p95_ms": 1249.71969332546,
    "output_tokens": 754688,
    "requests": 5896,
    "slo_ms": 1000.0,
    "slo_violation_count": 856,
    "slo_violation_rate": 0.1451831750339213,
    "sync_active_count": 832,
    "sync_active_p95_ms": 1302.890962921083,
    "sync_inactive_count": 5064,
    "sync_inactive_p95_ms": 726.1399859562516,
    "sync_inactive_p95_ratio": 1.7942696836964702,
    "tokens_per_sec": 1296.4966397656601
  },
  "simulator": {
    "correlation_pressure_latency": 0.9253130780033799,
    "high_low_p95_ratio": 1.6829257277330583,
    "high_pressure_count": 2963,
    "high_pressure_p95_ms": 150.92521023711566,
    "latency_p50_ms": 98.1755132959079,
    "latency_p95_ms": 144.21122272078688,
    "latency_p99_ms": 154.970533717023,
    "low_pressure_count": 2933,
    "low_pressure_p95_ms": 89.68025608617653,
    "output_tokens": null,
    "requests": 5896,
    "slo_ms": 1000.0,
    "slo_violation_count": 0,
    "slo_violation_rate": 0.0,
    "sync_active_count": 1336,
    "sync_active_p95_ms": 154.26626784324802,
    "sync_inactive_count": 4560,
    "sync_inactive_p95_ms": 143.7885068203529,
    "sync_inactive_p95_ratio": 1.0728692525890533,
    "tokens_per_sec": null
  },
  "slo_ms": 1000.0,
  "stress_enabled": true,
  "stress_matmul_size": 6144,
  "stress_mode": "sync",
  "stress_steps": 20,
  "sync_event_count": 8,
  "sync_events_jsonl": "workspaces/stage7/pressure-gate-matched-s23/events/coordinator.jsonl",
  "sync_events_repeat": true,
  "sync_period_sec": 37.0,
  "sync_trace_duration_sec": 291.595,
  "sync_window_sec": 8.0
}
