{
  "backend": "vllm",
  "concurrency": 8,
  "duration_sec": 600.0,
  "max_new_tokens": 128,
  "model": "Qwen/Qwen2.5-1.5B-Instruct",
  "period_sec": 90.0,
  "prompt_style": "mixed",
  "real": {
    "correlation_pressure_latency": -0.023860837062145684,
    "high_low_p95_ratio": 1.0002208104834625,
    "high_pressure_count": 2872,
    "high_pressure_p95_ms": 1316.198801365681,
    "latency_p50_ms": 728.8741872180253,
    "latency_p95_ms": 1316.0540121607482,
    "latency_p99_ms": 1322.7427541278303,
    "low_pressure_count": 2952,
    "low_pressure_p95_ms": 1315.9082350321114,
    "output_tokens": 745472,
    "requests": 5824,
    "slo_ms": 1000.0,
    "slo_violation_count": 704,
    "slo_violation_rate": 0.12087912087912088,
    "sync_active_count": 672,
    "sync_active_p95_ms": 1323.091119993478,
    "sync_inactive_count": 5152,
    "sync_inactive_p95_ms": 737.686347682029,
    "sync_inactive_p95_ratio": 1.7935686679723952,
    "tokens_per_sec": 1286.588881359279
  },
  "simulator": {
    "correlation_pressure_latency": 0.9253661343796337,
    "high_low_p95_ratio": 1.6772344201529992,
    "high_pressure_count": 2928,
    "high_pressure_p95_ms": 150.54243099544908,
    "latency_p50_ms": 98.20715956666194,
    "latency_p95_ms": 144.21094333796106,
    "latency_p99_ms": 155.2723202075922,
    "low_pressure_count": 2896,
    "low_pressure_p95_ms": 89.7563448415973,
    "output_tokens": null,
    "requests": 5824,
    "slo_ms": 1000.0,
    "slo_violation_count": 0,
    "slo_violation_rate": 0.0,
    "sync_active_count": 1320,
    "sync_active_p95_ms": 154.7133808731068,
    "sync_inactive_count": 4504,
    "sync_inactive_p95_ms": 143.78793127982004,
    "sync_inactive_p95_ratio": 1.0759830779679636,
    "tokens_per_sec": null
  },
  "slo_ms": 1000.0,
  "stress_enabled": true,
  "stress_matmul_size": 6144,
  "stress_mode": "sync",
  "stress_steps": 20,
  "sync_event_count": 8,
  "sync_events_jsonl": "workspaces/stage4/fixed-h-512-s23/events/coordinator.jsonl",
  "sync_events_repeat": true,
  "sync_period_sec": 37.0,
  "sync_trace_duration_sec": 323.689,
  "sync_window_sec": 8.0
}
